/*
 Navicat Premium Data Transfer

 Source Server         : localhost
 Source Server Type    : MySQL
 Source Server Version : 50723
 Source Host           : localhost:8889
 Source Schema         : SS_mysite_pulse

 Target Server Type    : MySQL
 Target Server Version : 50723
 File Encoding         : 65001

 Date: 05/01/2019 06:07:11
*/

SET NAMES utf8mb4;
SET FOREIGN_KEY_CHECKS = 0;

-- ----------------------------
-- Table structure for ChangeSet
-- ----------------------------
DROP TABLE IF EXISTS `ChangeSet`;
CREATE TABLE `ChangeSet` (
  `ID` int(11) NOT NULL AUTO_INCREMENT,
  `ClassName` enum('SilverStripe\\Versioned\\ChangeSet') DEFAULT 'SilverStripe\\Versioned\\ChangeSet',
  `LastEdited` datetime DEFAULT NULL,
  `Created` datetime DEFAULT NULL,
  `Name` varchar(255) DEFAULT NULL,
  `State` enum('open','published','reverted') DEFAULT 'open',
  `IsInferred` tinyint(1) unsigned NOT NULL DEFAULT '0',
  `Description` mediumtext,
  `PublishDate` datetime DEFAULT NULL,
  `LastSynced` datetime DEFAULT NULL,
  `OwnerID` int(11) NOT NULL DEFAULT '0',
  `PublisherID` int(11) NOT NULL DEFAULT '0',
  PRIMARY KEY (`ID`),
  KEY `State` (`State`),
  KEY `ID` (`ID`),
  KEY `ClassName` (`ClassName`),
  KEY `OwnerID` (`OwnerID`),
  KEY `PublisherID` (`PublisherID`)
) ENGINE=InnoDB AUTO_INCREMENT=49 DEFAULT CHARSET=utf8;

-- ----------------------------
-- Records of ChangeSet
-- ----------------------------
BEGIN;
INSERT INTO `ChangeSet` VALUES (1, 'SilverStripe\\Versioned\\ChangeSet', '2019-01-04 22:31:58', '2019-01-04 22:31:58', 'Generated by publish of \'Pulse\' at Jan 4, 2019, 10:31:58 PM', 'published', 1, NULL, '2019-01-04 22:31:58', '2019-01-04 22:31:58', 0, 1);
INSERT INTO `ChangeSet` VALUES (2, 'SilverStripe\\Versioned\\ChangeSet', '2019-01-04 23:10:27', '2019-01-04 23:10:27', 'Generated by publish of \'Home\' at Jan 4, 2019, 11:10:27 PM', 'published', 1, NULL, '2019-01-04 23:10:27', '2019-01-04 23:10:27', 0, 1);
INSERT INTO `ChangeSet` VALUES (3, 'SilverStripe\\Versioned\\ChangeSet', '2019-01-04 23:57:35', '2019-01-04 23:57:35', 'Generated by publish of \'Home\' at Jan 4, 2019, 11:57:35 PM', 'published', 1, NULL, '2019-01-04 23:57:35', '2019-01-04 23:57:35', 0, 1);
INSERT INTO `ChangeSet` VALUES (4, 'SilverStripe\\Versioned\\ChangeSet', '2019-01-04 23:57:36', '2019-01-04 23:57:36', 'Generated by publish of \'Home\' at Jan 4, 2019, 11:57:36 PM', 'published', 1, NULL, '2019-01-04 23:57:36', '2019-01-04 23:57:36', 0, 1);
INSERT INTO `ChangeSet` VALUES (5, 'SilverStripe\\Versioned\\ChangeSet', '2019-01-05 00:07:22', '2019-01-05 00:07:21', 'Generated by publish of \'Home\' at Jan 5, 2019, 12:07:21 AM', 'published', 1, NULL, '2019-01-05 00:07:22', '2019-01-05 00:07:22', 0, 1);
INSERT INTO `ChangeSet` VALUES (6, 'SilverStripe\\Versioned\\ChangeSet', '2019-01-05 00:09:29', '2019-01-05 00:09:29', 'Generated by publish of \'Home\' at Jan 5, 2019, 12:09:29 AM', 'published', 1, NULL, '2019-01-05 00:09:29', '2019-01-05 00:09:29', 0, 1);
INSERT INTO `ChangeSet` VALUES (7, 'SilverStripe\\Versioned\\ChangeSet', '2019-01-05 00:09:43', '2019-01-05 00:09:43', 'Generated by publish of \'Home\' at Jan 5, 2019, 12:09:43 AM', 'published', 1, NULL, '2019-01-05 00:09:43', '2019-01-05 00:09:43', 0, 1);
INSERT INTO `ChangeSet` VALUES (8, 'SilverStripe\\Versioned\\ChangeSet', '2019-01-05 00:09:56', '2019-01-05 00:09:56', 'Generated by publish of \'Home\' at Jan 5, 2019, 12:09:56 AM', 'published', 1, NULL, '2019-01-05 00:09:56', '2019-01-05 00:09:56', 0, 1);
INSERT INTO `ChangeSet` VALUES (9, 'SilverStripe\\Versioned\\ChangeSet', '2019-01-05 00:11:08', '2019-01-05 00:11:08', 'Generated by publish of \'Home\' at Jan 5, 2019, 12:11:08 AM', 'published', 1, NULL, '2019-01-05 00:11:08', '2019-01-05 00:11:08', 0, 1);
INSERT INTO `ChangeSet` VALUES (10, 'SilverStripe\\Versioned\\ChangeSet', '2019-01-05 00:14:44', '2019-01-05 00:14:44', 'Generated by publish of \'Home\' at Jan 5, 2019, 12:14:44 AM', 'published', 1, NULL, '2019-01-05 00:14:44', '2019-01-05 00:14:44', 0, 1);
INSERT INTO `ChangeSet` VALUES (11, 'SilverStripe\\Versioned\\ChangeSet', '2019-01-05 00:15:57', '2019-01-05 00:15:57', 'Generated by publish of \'Home\' at Jan 5, 2019, 12:15:57 AM', 'published', 1, NULL, '2019-01-05 00:15:57', '2019-01-05 00:15:57', 0, 1);
INSERT INTO `ChangeSet` VALUES (12, 'SilverStripe\\Versioned\\ChangeSet', '2019-01-05 00:17:31', '2019-01-05 00:17:30', 'Generated by publish of \'Home\' at Jan 5, 2019, 12:17:30 AM', 'published', 1, NULL, '2019-01-05 00:17:31', '2019-01-05 00:17:31', 0, 1);
INSERT INTO `ChangeSet` VALUES (13, 'SilverStripe\\Versioned\\ChangeSet', '2019-01-05 00:19:17', '2019-01-05 00:19:17', 'Generated by publish of \'Home\' at Jan 5, 2019, 12:19:16 AM', 'published', 1, NULL, '2019-01-05 00:19:17', '2019-01-05 00:19:17', 0, 1);
INSERT INTO `ChangeSet` VALUES (14, 'SilverStripe\\Versioned\\ChangeSet', '2019-01-05 00:21:30', '2019-01-05 00:21:30', 'Generated by publish of \'Home\' at Jan 5, 2019, 12:21:30 AM', 'published', 1, NULL, '2019-01-05 00:21:30', '2019-01-05 00:21:30', 0, 1);
INSERT INTO `ChangeSet` VALUES (15, 'SilverStripe\\Versioned\\ChangeSet', '2019-01-05 00:21:39', '2019-01-05 00:21:39', 'Generated by publish of \'Home\' at Jan 5, 2019, 12:21:39 AM', 'published', 1, NULL, '2019-01-05 00:21:39', '2019-01-05 00:21:39', 0, 1);
INSERT INTO `ChangeSet` VALUES (16, 'SilverStripe\\Versioned\\ChangeSet', '2019-01-05 02:12:38', '2019-01-05 02:12:38', 'Generated by publish of \'Home\' at Jan 5, 2019, 2:12:38 AM', 'published', 1, NULL, '2019-01-05 02:12:38', '2019-01-05 02:12:38', 0, 1);
INSERT INTO `ChangeSet` VALUES (17, 'SilverStripe\\Versioned\\ChangeSet', '2019-01-05 02:15:37', '2019-01-05 02:15:37', 'Generated by publish of \'Home\' at Jan 5, 2019, 2:15:37 AM', 'published', 1, NULL, '2019-01-05 02:15:37', '2019-01-05 02:15:37', 0, 1);
INSERT INTO `ChangeSet` VALUES (18, 'SilverStripe\\Versioned\\ChangeSet', '2019-01-05 02:16:43', '2019-01-05 02:16:43', 'Generated by publish of \'Home\' at Jan 5, 2019, 2:16:43 AM', 'published', 1, NULL, '2019-01-05 02:16:43', '2019-01-05 02:16:43', 0, 1);
INSERT INTO `ChangeSet` VALUES (19, 'SilverStripe\\Versioned\\ChangeSet', '2019-01-05 02:17:12', '2019-01-05 02:17:12', 'Generated by publish of \'Home\' at Jan 5, 2019, 2:17:12 AM', 'published', 1, NULL, '2019-01-05 02:17:12', '2019-01-05 02:17:12', 0, 1);
INSERT INTO `ChangeSet` VALUES (20, 'SilverStripe\\Versioned\\ChangeSet', '2019-01-05 02:17:37', '2019-01-05 02:17:37', 'Generated by publish of \'Home\' at Jan 5, 2019, 2:17:37 AM', 'published', 1, NULL, '2019-01-05 02:17:37', '2019-01-05 02:17:37', 0, 1);
INSERT INTO `ChangeSet` VALUES (21, 'SilverStripe\\Versioned\\ChangeSet', '2019-01-05 02:21:55', '2019-01-05 02:21:54', 'Generated by publish of \'Home\' at Jan 5, 2019, 2:21:54 AM', 'published', 1, NULL, '2019-01-05 02:21:55', '2019-01-05 02:21:54', 0, 1);
INSERT INTO `ChangeSet` VALUES (22, 'SilverStripe\\Versioned\\ChangeSet', '2019-01-05 02:22:03', '2019-01-05 02:22:02', 'Generated by publish of \'Home\' at Jan 5, 2019, 2:22:02 AM', 'published', 1, NULL, '2019-01-05 02:22:03', '2019-01-05 02:22:02', 0, 1);
INSERT INTO `ChangeSet` VALUES (23, 'SilverStripe\\Versioned\\ChangeSet', '2019-01-05 02:22:27', '2019-01-05 02:22:27', 'Generated by publish of \'Home\' at Jan 5, 2019, 2:22:27 AM', 'published', 1, NULL, '2019-01-05 02:22:27', '2019-01-05 02:22:27', 0, 1);
INSERT INTO `ChangeSet` VALUES (24, 'SilverStripe\\Versioned\\ChangeSet', '2019-01-05 02:22:34', '2019-01-05 02:22:33', 'Generated by publish of \'Home\' at Jan 5, 2019, 2:22:33 AM', 'published', 1, NULL, '2019-01-05 02:22:34', '2019-01-05 02:22:34', 0, 1);
INSERT INTO `ChangeSet` VALUES (25, 'SilverStripe\\Versioned\\ChangeSet', '2019-01-05 02:23:14', '2019-01-05 02:23:14', 'Generated by publish of \'Home\' at Jan 5, 2019, 2:23:14 AM', 'published', 1, NULL, '2019-01-05 02:23:14', '2019-01-05 02:23:14', 0, 1);
INSERT INTO `ChangeSet` VALUES (26, 'SilverStripe\\Versioned\\ChangeSet', '2019-01-05 02:23:23', '2019-01-05 02:23:23', 'Generated by publish of \'Home\' at Jan 5, 2019, 2:23:23 AM', 'published', 1, NULL, '2019-01-05 02:23:23', '2019-01-05 02:23:23', 0, 1);
INSERT INTO `ChangeSet` VALUES (27, 'SilverStripe\\Versioned\\ChangeSet', '2019-01-05 02:26:35', '2019-01-05 02:26:35', 'Generated by publish of \'Home\' at Jan 5, 2019, 2:26:35 AM', 'published', 1, NULL, '2019-01-05 02:26:35', '2019-01-05 02:26:35', 0, 1);
INSERT INTO `ChangeSet` VALUES (28, 'SilverStripe\\Versioned\\ChangeSet', '2019-01-05 02:45:54', '2019-01-05 02:45:54', 'Generated by publish of \'Home\' at Jan 5, 2019, 2:45:54 AM', 'published', 1, NULL, '2019-01-05 02:45:54', '2019-01-05 02:45:54', 0, 1);
INSERT INTO `ChangeSet` VALUES (29, 'SilverStripe\\Versioned\\ChangeSet', '2019-01-05 03:03:37', '2019-01-05 03:03:37', 'Generated by publish of \'Home\' at Jan 5, 2019, 3:03:37 AM', 'published', 1, NULL, '2019-01-05 03:03:37', '2019-01-05 03:03:37', 0, 1);
INSERT INTO `ChangeSet` VALUES (30, 'SilverStripe\\Versioned\\ChangeSet', '2019-01-05 03:03:47', '2019-01-05 03:03:46', 'Generated by publish of \'Home\' at Jan 5, 2019, 3:03:46 AM', 'published', 1, NULL, '2019-01-05 03:03:47', '2019-01-05 03:03:46', 0, 1);
INSERT INTO `ChangeSet` VALUES (31, 'SilverStripe\\Versioned\\ChangeSet', '2019-01-05 03:30:45', '2019-01-05 03:30:45', 'Generated by publish of \'Home\' at Jan 5, 2019, 3:30:45 AM', 'published', 1, NULL, '2019-01-05 03:30:45', '2019-01-05 03:30:45', 0, 1);
INSERT INTO `ChangeSet` VALUES (32, 'SilverStripe\\Versioned\\ChangeSet', '2019-01-05 03:31:04', '2019-01-05 03:31:04', 'Generated by publish of \'Home\' at Jan 5, 2019, 3:31:04 AM', 'published', 1, NULL, '2019-01-05 03:31:04', '2019-01-05 03:31:04', 0, 1);
INSERT INTO `ChangeSet` VALUES (33, 'SilverStripe\\Versioned\\ChangeSet', '2019-01-05 03:39:13', '2019-01-05 03:39:13', 'Generated by publish of \'Home\' at Jan 5, 2019, 3:39:13 AM', 'published', 1, NULL, '2019-01-05 03:39:13', '2019-01-05 03:39:13', 0, 1);
INSERT INTO `ChangeSet` VALUES (34, 'SilverStripe\\Versioned\\ChangeSet', '2019-01-05 03:39:22', '2019-01-05 03:39:22', 'Generated by publish of \'Home\' at Jan 5, 2019, 3:39:22 AM', 'published', 1, NULL, '2019-01-05 03:39:22', '2019-01-05 03:39:22', 0, 1);
INSERT INTO `ChangeSet` VALUES (35, 'SilverStripe\\Versioned\\ChangeSet', '2019-01-05 03:50:05', '2019-01-05 03:50:04', 'Generated by publish of \'Home\' at Jan 5, 2019, 3:50:04 AM', 'published', 1, NULL, '2019-01-05 03:50:05', '2019-01-05 03:50:04', 0, 1);
INSERT INTO `ChangeSet` VALUES (36, 'SilverStripe\\Versioned\\ChangeSet', '2019-01-05 03:50:16', '2019-01-05 03:50:16', 'Generated by publish of \'Home\' at Jan 5, 2019, 3:50:16 AM', 'published', 1, NULL, '2019-01-05 03:50:16', '2019-01-05 03:50:16', 0, 1);
INSERT INTO `ChangeSet` VALUES (37, 'SilverStripe\\Versioned\\ChangeSet', '2019-01-05 04:59:26', '2019-01-05 04:59:25', 'Generated by publish of \'Home\' at Jan 5, 2019, 4:59:25 AM', 'published', 1, NULL, '2019-01-05 04:59:26', '2019-01-05 04:59:25', 0, 1);
INSERT INTO `ChangeSet` VALUES (38, 'SilverStripe\\Versioned\\ChangeSet', '2019-01-05 04:59:36', '2019-01-05 04:59:36', 'Generated by publish of \'Home\' at Jan 5, 2019, 4:59:36 AM', 'published', 1, NULL, '2019-01-05 04:59:36', '2019-01-05 04:59:36', 0, 1);
INSERT INTO `ChangeSet` VALUES (39, 'SilverStripe\\Versioned\\ChangeSet', '2019-01-05 05:01:57', '2019-01-05 05:01:57', 'Generated by publish of \'Home\' at Jan 5, 2019, 5:01:57 AM', 'published', 1, NULL, '2019-01-05 05:01:57', '2019-01-05 05:01:57', 0, 1);
INSERT INTO `ChangeSet` VALUES (40, 'SilverStripe\\Versioned\\ChangeSet', '2019-01-05 05:02:09', '2019-01-05 05:02:09', 'Generated by publish of \'Home\' at Jan 5, 2019, 5:02:09 AM', 'published', 1, NULL, '2019-01-05 05:02:09', '2019-01-05 05:02:09', 0, 1);
INSERT INTO `ChangeSet` VALUES (41, 'SilverStripe\\Versioned\\ChangeSet', '2019-01-05 05:03:28', '2019-01-05 05:03:28', 'Generated by publish of \'Home\' at Jan 5, 2019, 5:03:28 AM', 'published', 1, NULL, '2019-01-05 05:03:28', '2019-01-05 05:03:28', 0, 1);
INSERT INTO `ChangeSet` VALUES (42, 'SilverStripe\\Versioned\\ChangeSet', '2019-01-05 05:03:38', '2019-01-05 05:03:37', 'Generated by publish of \'Home\' at Jan 5, 2019, 5:03:37 AM', 'published', 1, NULL, '2019-01-05 05:03:38', '2019-01-05 05:03:37', 0, 1);
INSERT INTO `ChangeSet` VALUES (43, 'SilverStripe\\Versioned\\ChangeSet', '2019-01-05 05:08:08', '2019-01-05 05:08:08', 'Generated by publish of \'Home\' at Jan 5, 2019, 5:08:08 AM', 'published', 1, NULL, '2019-01-05 05:08:08', '2019-01-05 05:08:08', 0, 1);
INSERT INTO `ChangeSet` VALUES (44, 'SilverStripe\\Versioned\\ChangeSet', '2019-01-05 05:09:16', '2019-01-05 05:09:15', 'Generated by publish of \'Home\' at Jan 5, 2019, 5:09:15 AM', 'published', 1, NULL, '2019-01-05 05:09:16', '2019-01-05 05:09:15', 0, 1);
INSERT INTO `ChangeSet` VALUES (45, 'SilverStripe\\Versioned\\ChangeSet', '2019-01-05 05:09:55', '2019-01-05 05:09:54', 'Generated by publish of \'Home\' at Jan 5, 2019, 5:09:54 AM', 'published', 1, NULL, '2019-01-05 05:09:55', '2019-01-05 05:09:55', 0, 1);
INSERT INTO `ChangeSet` VALUES (46, 'SilverStripe\\Versioned\\ChangeSet', '2019-01-05 05:11:22', '2019-01-05 05:11:22', 'Generated by publish of \'Home\' at Jan 5, 2019, 5:11:22 AM', 'published', 1, NULL, '2019-01-05 05:11:22', '2019-01-05 05:11:22', 0, 1);
INSERT INTO `ChangeSet` VALUES (47, 'SilverStripe\\Versioned\\ChangeSet', '2019-01-05 05:11:35', '2019-01-05 05:11:35', 'Generated by publish of \'Home\' at Jan 5, 2019, 5:11:35 AM', 'published', 1, NULL, '2019-01-05 05:11:35', '2019-01-05 05:11:35', 0, 1);
INSERT INTO `ChangeSet` VALUES (48, 'SilverStripe\\Versioned\\ChangeSet', '2019-01-05 05:15:26', '2019-01-05 05:15:26', 'Generated by publish of \'Home\' at Jan 5, 2019, 5:15:26 AM', 'published', 1, NULL, '2019-01-05 05:15:26', '2019-01-05 05:15:26', 0, 1);
COMMIT;

-- ----------------------------
-- Table structure for ChangeSetItem
-- ----------------------------
DROP TABLE IF EXISTS `ChangeSetItem`;
CREATE TABLE `ChangeSetItem` (
  `ID` int(11) NOT NULL AUTO_INCREMENT,
  `ClassName` enum('SilverStripe\\Versioned\\ChangeSetItem') DEFAULT 'SilverStripe\\Versioned\\ChangeSetItem',
  `LastEdited` datetime DEFAULT NULL,
  `Created` datetime DEFAULT NULL,
  `VersionBefore` int(11) NOT NULL DEFAULT '0',
  `VersionAfter` int(11) NOT NULL DEFAULT '0',
  `Added` enum('explicitly','implicitly') DEFAULT 'implicitly',
  `ChangeSetID` int(11) NOT NULL DEFAULT '0',
  `ObjectID` int(11) NOT NULL DEFAULT '0',
  `ObjectClass` enum('SilverStripe\\Assets\\File','SilverStripe\\SiteConfig\\SiteConfig','SilverStripe\\Versioned\\ChangeSet','SilverStripe\\Versioned\\ChangeSetItem','SilverStripe\\Assets\\Shortcodes\\FileLink','SilverStripe\\CMS\\Model\\SiteTree','SilverStripe\\CMS\\Model\\SiteTreeLink','SilverStripe\\Security\\Group','SilverStripe\\Security\\LoginAttempt','SilverStripe\\Security\\Member','SilverStripe\\Security\\MemberPassword','SilverStripe\\Security\\Permission','SilverStripe\\Security\\PermissionRole','SilverStripe\\Security\\PermissionRoleCode','SilverStripe\\Security\\RememberLoginHash','SilverStripe\\Assets\\Folder','SilverStripe\\Assets\\Image','Page','Main\\HomePage','SilverStripe\\ErrorPage\\ErrorPage','SilverStripe\\CMS\\Model\\RedirectorPage','SilverStripe\\CMS\\Model\\VirtualPage') DEFAULT 'SilverStripe\\Assets\\File',
  PRIMARY KEY (`ID`),
  UNIQUE KEY `ObjectUniquePerChangeSet` (`ObjectID`,`ObjectClass`,`ChangeSetID`),
  KEY `ClassName` (`ClassName`),
  KEY `ChangeSetID` (`ChangeSetID`),
  KEY `Object` (`ObjectID`,`ObjectClass`)
) ENGINE=InnoDB AUTO_INCREMENT=52 DEFAULT CHARSET=utf8;

-- ----------------------------
-- Records of ChangeSetItem
-- ----------------------------
BEGIN;
INSERT INTO `ChangeSetItem` VALUES (1, 'SilverStripe\\Versioned\\ChangeSetItem', '2019-01-04 22:31:58', '2019-01-04 22:31:58', 0, 0, 'explicitly', 1, 1, 'SilverStripe\\SiteConfig\\SiteConfig');
INSERT INTO `ChangeSetItem` VALUES (2, 'SilverStripe\\Versioned\\ChangeSetItem', '2019-01-04 23:10:27', '2019-01-04 23:10:27', 2, 4, 'explicitly', 2, 1, 'SilverStripe\\CMS\\Model\\SiteTree');
INSERT INTO `ChangeSetItem` VALUES (3, 'SilverStripe\\Versioned\\ChangeSetItem', '2019-01-04 23:57:35', '2019-01-04 23:57:35', 4, 6, 'explicitly', 3, 1, 'SilverStripe\\CMS\\Model\\SiteTree');
INSERT INTO `ChangeSetItem` VALUES (4, 'SilverStripe\\Versioned\\ChangeSetItem', '2019-01-04 23:57:36', '2019-01-04 23:57:36', 6, 6, 'explicitly', 4, 1, 'SilverStripe\\CMS\\Model\\SiteTree');
INSERT INTO `ChangeSetItem` VALUES (5, 'SilverStripe\\Versioned\\ChangeSetItem', '2019-01-05 00:07:22', '2019-01-05 00:07:21', 6, 8, 'explicitly', 5, 1, 'SilverStripe\\CMS\\Model\\SiteTree');
INSERT INTO `ChangeSetItem` VALUES (6, 'SilverStripe\\Versioned\\ChangeSetItem', '2019-01-05 00:09:29', '2019-01-05 00:09:29', 8, 10, 'explicitly', 6, 1, 'SilverStripe\\CMS\\Model\\SiteTree');
INSERT INTO `ChangeSetItem` VALUES (7, 'SilverStripe\\Versioned\\ChangeSetItem', '2019-01-05 00:09:43', '2019-01-05 00:09:43', 10, 12, 'explicitly', 7, 1, 'SilverStripe\\CMS\\Model\\SiteTree');
INSERT INTO `ChangeSetItem` VALUES (8, 'SilverStripe\\Versioned\\ChangeSetItem', '2019-01-05 00:09:56', '2019-01-05 00:09:56', 12, 14, 'explicitly', 8, 1, 'SilverStripe\\CMS\\Model\\SiteTree');
INSERT INTO `ChangeSetItem` VALUES (9, 'SilverStripe\\Versioned\\ChangeSetItem', '2019-01-05 00:11:08', '2019-01-05 00:11:08', 14, 16, 'explicitly', 9, 1, 'SilverStripe\\CMS\\Model\\SiteTree');
INSERT INTO `ChangeSetItem` VALUES (10, 'SilverStripe\\Versioned\\ChangeSetItem', '2019-01-05 00:14:44', '2019-01-05 00:14:44', 16, 18, 'explicitly', 10, 1, 'SilverStripe\\CMS\\Model\\SiteTree');
INSERT INTO `ChangeSetItem` VALUES (11, 'SilverStripe\\Versioned\\ChangeSetItem', '2019-01-05 00:15:57', '2019-01-05 00:15:57', 18, 20, 'explicitly', 11, 1, 'SilverStripe\\CMS\\Model\\SiteTree');
INSERT INTO `ChangeSetItem` VALUES (12, 'SilverStripe\\Versioned\\ChangeSetItem', '2019-01-05 00:17:31', '2019-01-05 00:17:30', 20, 22, 'explicitly', 12, 1, 'SilverStripe\\CMS\\Model\\SiteTree');
INSERT INTO `ChangeSetItem` VALUES (13, 'SilverStripe\\Versioned\\ChangeSetItem', '2019-01-05 00:19:17', '2019-01-05 00:19:17', 22, 24, 'explicitly', 13, 1, 'SilverStripe\\CMS\\Model\\SiteTree');
INSERT INTO `ChangeSetItem` VALUES (14, 'SilverStripe\\Versioned\\ChangeSetItem', '2019-01-05 00:21:30', '2019-01-05 00:21:30', 24, 26, 'explicitly', 14, 1, 'SilverStripe\\CMS\\Model\\SiteTree');
INSERT INTO `ChangeSetItem` VALUES (15, 'SilverStripe\\Versioned\\ChangeSetItem', '2019-01-05 00:21:39', '2019-01-05 00:21:39', 26, 28, 'explicitly', 15, 1, 'SilverStripe\\CMS\\Model\\SiteTree');
INSERT INTO `ChangeSetItem` VALUES (16, 'SilverStripe\\Versioned\\ChangeSetItem', '2019-01-05 02:12:38', '2019-01-05 02:12:38', 28, 28, 'explicitly', 16, 1, 'SilverStripe\\CMS\\Model\\SiteTree');
INSERT INTO `ChangeSetItem` VALUES (17, 'SilverStripe\\Versioned\\ChangeSetItem', '2019-01-05 02:15:37', '2019-01-05 02:15:37', 28, 28, 'explicitly', 17, 1, 'SilverStripe\\CMS\\Model\\SiteTree');
INSERT INTO `ChangeSetItem` VALUES (18, 'SilverStripe\\Versioned\\ChangeSetItem', '2019-01-05 02:16:43', '2019-01-05 02:16:43', 28, 28, 'explicitly', 18, 1, 'SilverStripe\\CMS\\Model\\SiteTree');
INSERT INTO `ChangeSetItem` VALUES (19, 'SilverStripe\\Versioned\\ChangeSetItem', '2019-01-05 02:17:12', '2019-01-05 02:17:12', 28, 30, 'explicitly', 19, 1, 'SilverStripe\\CMS\\Model\\SiteTree');
INSERT INTO `ChangeSetItem` VALUES (20, 'SilverStripe\\Versioned\\ChangeSetItem', '2019-01-05 02:17:12', '2019-01-05 02:17:12', 0, 2, 'implicitly', 19, 3, 'SilverStripe\\Assets\\File');
INSERT INTO `ChangeSetItem` VALUES (21, 'SilverStripe\\Versioned\\ChangeSetItem', '2019-01-05 02:17:37', '2019-01-05 02:17:37', 30, 32, 'explicitly', 20, 1, 'SilverStripe\\CMS\\Model\\SiteTree');
INSERT INTO `ChangeSetItem` VALUES (22, 'SilverStripe\\Versioned\\ChangeSetItem', '2019-01-05 02:21:55', '2019-01-05 02:21:54', 32, 34, 'explicitly', 21, 1, 'SilverStripe\\CMS\\Model\\SiteTree');
INSERT INTO `ChangeSetItem` VALUES (23, 'SilverStripe\\Versioned\\ChangeSetItem', '2019-01-05 02:22:02', '2019-01-05 02:22:02', 34, 36, 'explicitly', 22, 1, 'SilverStripe\\CMS\\Model\\SiteTree');
INSERT INTO `ChangeSetItem` VALUES (24, 'SilverStripe\\Versioned\\ChangeSetItem', '2019-01-05 02:22:27', '2019-01-05 02:22:27', 36, 38, 'explicitly', 23, 1, 'SilverStripe\\CMS\\Model\\SiteTree');
INSERT INTO `ChangeSetItem` VALUES (25, 'SilverStripe\\Versioned\\ChangeSetItem', '2019-01-05 02:22:34', '2019-01-05 02:22:33', 38, 40, 'explicitly', 24, 1, 'SilverStripe\\CMS\\Model\\SiteTree');
INSERT INTO `ChangeSetItem` VALUES (26, 'SilverStripe\\Versioned\\ChangeSetItem', '2019-01-05 02:23:14', '2019-01-05 02:23:14', 40, 42, 'explicitly', 25, 1, 'SilverStripe\\CMS\\Model\\SiteTree');
INSERT INTO `ChangeSetItem` VALUES (27, 'SilverStripe\\Versioned\\ChangeSetItem', '2019-01-05 02:23:23', '2019-01-05 02:23:23', 42, 44, 'explicitly', 26, 1, 'SilverStripe\\CMS\\Model\\SiteTree');
INSERT INTO `ChangeSetItem` VALUES (28, 'SilverStripe\\Versioned\\ChangeSetItem', '2019-01-05 02:26:35', '2019-01-05 02:26:35', 44, 46, 'explicitly', 27, 1, 'SilverStripe\\CMS\\Model\\SiteTree');
INSERT INTO `ChangeSetItem` VALUES (29, 'SilverStripe\\Versioned\\ChangeSetItem', '2019-01-05 02:45:54', '2019-01-05 02:45:54', 46, 48, 'explicitly', 28, 1, 'SilverStripe\\CMS\\Model\\SiteTree');
INSERT INTO `ChangeSetItem` VALUES (30, 'SilverStripe\\Versioned\\ChangeSetItem', '2019-01-05 03:03:37', '2019-01-05 03:03:37', 48, 50, 'explicitly', 29, 1, 'SilverStripe\\CMS\\Model\\SiteTree');
INSERT INTO `ChangeSetItem` VALUES (31, 'SilverStripe\\Versioned\\ChangeSetItem', '2019-01-05 03:03:46', '2019-01-05 03:03:46', 50, 52, 'explicitly', 30, 1, 'SilverStripe\\CMS\\Model\\SiteTree');
INSERT INTO `ChangeSetItem` VALUES (32, 'SilverStripe\\Versioned\\ChangeSetItem', '2019-01-05 03:30:45', '2019-01-05 03:30:45', 52, 54, 'explicitly', 31, 1, 'SilverStripe\\CMS\\Model\\SiteTree');
INSERT INTO `ChangeSetItem` VALUES (33, 'SilverStripe\\Versioned\\ChangeSetItem', '2019-01-05 03:31:04', '2019-01-05 03:31:04', 54, 56, 'explicitly', 32, 1, 'SilverStripe\\CMS\\Model\\SiteTree');
INSERT INTO `ChangeSetItem` VALUES (34, 'SilverStripe\\Versioned\\ChangeSetItem', '2019-01-05 03:39:13', '2019-01-05 03:39:13', 56, 58, 'explicitly', 33, 1, 'SilverStripe\\CMS\\Model\\SiteTree');
INSERT INTO `ChangeSetItem` VALUES (35, 'SilverStripe\\Versioned\\ChangeSetItem', '2019-01-05 03:39:22', '2019-01-05 03:39:22', 58, 60, 'explicitly', 34, 1, 'SilverStripe\\CMS\\Model\\SiteTree');
INSERT INTO `ChangeSetItem` VALUES (36, 'SilverStripe\\Versioned\\ChangeSetItem', '2019-01-05 03:50:04', '2019-01-05 03:50:04', 60, 62, 'explicitly', 35, 1, 'SilverStripe\\CMS\\Model\\SiteTree');
INSERT INTO `ChangeSetItem` VALUES (37, 'SilverStripe\\Versioned\\ChangeSetItem', '2019-01-05 03:50:04', '2019-01-05 03:50:04', 0, 2, 'implicitly', 35, 6, 'SilverStripe\\Assets\\File');
INSERT INTO `ChangeSetItem` VALUES (38, 'SilverStripe\\Versioned\\ChangeSetItem', '2019-01-05 03:50:16', '2019-01-05 03:50:16', 62, 64, 'explicitly', 36, 1, 'SilverStripe\\CMS\\Model\\SiteTree');
INSERT INTO `ChangeSetItem` VALUES (39, 'SilverStripe\\Versioned\\ChangeSetItem', '2019-01-05 04:59:25', '2019-01-05 04:59:25', 64, 66, 'explicitly', 37, 1, 'SilverStripe\\CMS\\Model\\SiteTree');
INSERT INTO `ChangeSetItem` VALUES (40, 'SilverStripe\\Versioned\\ChangeSetItem', '2019-01-05 04:59:36', '2019-01-05 04:59:36', 66, 68, 'explicitly', 38, 1, 'SilverStripe\\CMS\\Model\\SiteTree');
INSERT INTO `ChangeSetItem` VALUES (41, 'SilverStripe\\Versioned\\ChangeSetItem', '2019-01-05 05:01:57', '2019-01-05 05:01:57', 68, 70, 'explicitly', 39, 1, 'SilverStripe\\CMS\\Model\\SiteTree');
INSERT INTO `ChangeSetItem` VALUES (42, 'SilverStripe\\Versioned\\ChangeSetItem', '2019-01-05 05:02:09', '2019-01-05 05:02:09', 70, 72, 'explicitly', 40, 1, 'SilverStripe\\CMS\\Model\\SiteTree');
INSERT INTO `ChangeSetItem` VALUES (43, 'SilverStripe\\Versioned\\ChangeSetItem', '2019-01-05 05:03:28', '2019-01-05 05:03:28', 72, 74, 'explicitly', 41, 1, 'SilverStripe\\CMS\\Model\\SiteTree');
INSERT INTO `ChangeSetItem` VALUES (44, 'SilverStripe\\Versioned\\ChangeSetItem', '2019-01-05 05:03:37', '2019-01-05 05:03:37', 74, 76, 'explicitly', 42, 1, 'SilverStripe\\CMS\\Model\\SiteTree');
INSERT INTO `ChangeSetItem` VALUES (45, 'SilverStripe\\Versioned\\ChangeSetItem', '2019-01-05 05:08:08', '2019-01-05 05:08:08', 76, 78, 'explicitly', 43, 1, 'SilverStripe\\CMS\\Model\\SiteTree');
INSERT INTO `ChangeSetItem` VALUES (46, 'SilverStripe\\Versioned\\ChangeSetItem', '2019-01-05 05:09:16', '2019-01-05 05:09:15', 78, 80, 'explicitly', 44, 1, 'SilverStripe\\CMS\\Model\\SiteTree');
INSERT INTO `ChangeSetItem` VALUES (47, 'SilverStripe\\Versioned\\ChangeSetItem', '2019-01-05 05:09:55', '2019-01-05 05:09:54', 80, 80, 'explicitly', 45, 1, 'SilverStripe\\CMS\\Model\\SiteTree');
INSERT INTO `ChangeSetItem` VALUES (48, 'SilverStripe\\Versioned\\ChangeSetItem', '2019-01-05 05:11:22', '2019-01-05 05:11:22', 80, 82, 'explicitly', 46, 1, 'SilverStripe\\CMS\\Model\\SiteTree');
INSERT INTO `ChangeSetItem` VALUES (49, 'SilverStripe\\Versioned\\ChangeSetItem', '2019-01-05 05:11:22', '2019-01-05 05:11:22', 0, 2, 'implicitly', 46, 8, 'SilverStripe\\Assets\\File');
INSERT INTO `ChangeSetItem` VALUES (50, 'SilverStripe\\Versioned\\ChangeSetItem', '2019-01-05 05:11:35', '2019-01-05 05:11:35', 82, 84, 'explicitly', 47, 1, 'SilverStripe\\CMS\\Model\\SiteTree');
INSERT INTO `ChangeSetItem` VALUES (51, 'SilverStripe\\Versioned\\ChangeSetItem', '2019-01-05 05:15:26', '2019-01-05 05:15:26', 84, 86, 'explicitly', 48, 1, 'SilverStripe\\CMS\\Model\\SiteTree');
COMMIT;

-- ----------------------------
-- Table structure for ChangeSetItem_ReferencedBy
-- ----------------------------
DROP TABLE IF EXISTS `ChangeSetItem_ReferencedBy`;
CREATE TABLE `ChangeSetItem_ReferencedBy` (
  `ID` int(11) NOT NULL AUTO_INCREMENT,
  `ChangeSetItemID` int(11) NOT NULL DEFAULT '0',
  `ChildID` int(11) NOT NULL DEFAULT '0',
  PRIMARY KEY (`ID`),
  KEY `ChangeSetItemID` (`ChangeSetItemID`),
  KEY `ChildID` (`ChildID`)
) ENGINE=InnoDB AUTO_INCREMENT=4 DEFAULT CHARSET=utf8;

-- ----------------------------
-- Records of ChangeSetItem_ReferencedBy
-- ----------------------------
BEGIN;
INSERT INTO `ChangeSetItem_ReferencedBy` VALUES (1, 20, 19);
INSERT INTO `ChangeSetItem_ReferencedBy` VALUES (2, 37, 36);
INSERT INTO `ChangeSetItem_ReferencedBy` VALUES (3, 49, 48);
COMMIT;

-- ----------------------------
-- Table structure for ErrorPage
-- ----------------------------
DROP TABLE IF EXISTS `ErrorPage`;
CREATE TABLE `ErrorPage` (
  `ID` int(11) NOT NULL AUTO_INCREMENT,
  `ErrorCode` int(11) NOT NULL DEFAULT '0',
  PRIMARY KEY (`ID`)
) ENGINE=InnoDB AUTO_INCREMENT=6 DEFAULT CHARSET=utf8;

-- ----------------------------
-- Records of ErrorPage
-- ----------------------------
BEGIN;
INSERT INTO `ErrorPage` VALUES (4, 404);
INSERT INTO `ErrorPage` VALUES (5, 500);
COMMIT;

-- ----------------------------
-- Table structure for ErrorPage_Live
-- ----------------------------
DROP TABLE IF EXISTS `ErrorPage_Live`;
CREATE TABLE `ErrorPage_Live` (
  `ID` int(11) NOT NULL AUTO_INCREMENT,
  `ErrorCode` int(11) NOT NULL DEFAULT '0',
  PRIMARY KEY (`ID`)
) ENGINE=InnoDB AUTO_INCREMENT=6 DEFAULT CHARSET=utf8;

-- ----------------------------
-- Records of ErrorPage_Live
-- ----------------------------
BEGIN;
INSERT INTO `ErrorPage_Live` VALUES (4, 404);
INSERT INTO `ErrorPage_Live` VALUES (5, 500);
COMMIT;

-- ----------------------------
-- Table structure for ErrorPage_Versions
-- ----------------------------
DROP TABLE IF EXISTS `ErrorPage_Versions`;
CREATE TABLE `ErrorPage_Versions` (
  `ID` int(11) NOT NULL AUTO_INCREMENT,
  `RecordID` int(11) NOT NULL DEFAULT '0',
  `Version` int(11) NOT NULL DEFAULT '0',
  `ErrorCode` int(11) NOT NULL DEFAULT '0',
  PRIMARY KEY (`ID`),
  UNIQUE KEY `RecordID_Version` (`RecordID`,`Version`),
  KEY `RecordID` (`RecordID`),
  KEY `Version` (`Version`)
) ENGINE=InnoDB AUTO_INCREMENT=5 DEFAULT CHARSET=utf8;

-- ----------------------------
-- Records of ErrorPage_Versions
-- ----------------------------
BEGIN;
INSERT INTO `ErrorPage_Versions` VALUES (1, 4, 1, 404);
INSERT INTO `ErrorPage_Versions` VALUES (2, 4, 2, 404);
INSERT INTO `ErrorPage_Versions` VALUES (3, 5, 1, 500);
INSERT INTO `ErrorPage_Versions` VALUES (4, 5, 2, 500);
COMMIT;

-- ----------------------------
-- Table structure for File
-- ----------------------------
DROP TABLE IF EXISTS `File`;
CREATE TABLE `File` (
  `ID` int(11) NOT NULL AUTO_INCREMENT,
  `ClassName` enum('SilverStripe\\Assets\\File','SilverStripe\\Assets\\Folder','SilverStripe\\Assets\\Image') DEFAULT 'SilverStripe\\Assets\\File',
  `LastEdited` datetime DEFAULT NULL,
  `Created` datetime DEFAULT NULL,
  `Version` int(11) NOT NULL DEFAULT '0',
  `CanViewType` enum('Anyone','LoggedInUsers','OnlyTheseUsers','Inherit') DEFAULT 'Inherit',
  `CanEditType` enum('LoggedInUsers','OnlyTheseUsers','Inherit') DEFAULT 'Inherit',
  `Name` varchar(255) DEFAULT NULL,
  `Title` varchar(255) DEFAULT NULL,
  `ShowInSearch` tinyint(1) unsigned NOT NULL DEFAULT '1',
  `ParentID` int(11) NOT NULL DEFAULT '0',
  `OwnerID` int(11) NOT NULL DEFAULT '0',
  `FileHash` varchar(255) DEFAULT NULL,
  `FileFilename` varchar(255) DEFAULT NULL,
  `FileVariant` varchar(255) DEFAULT NULL,
  PRIMARY KEY (`ID`),
  KEY `Name` (`Name`),
  KEY `ClassName` (`ClassName`),
  KEY `ParentID` (`ParentID`),
  KEY `OwnerID` (`OwnerID`)
) ENGINE=InnoDB AUTO_INCREMENT=9 DEFAULT CHARSET=utf8;

-- ----------------------------
-- Records of File
-- ----------------------------
BEGIN;
INSERT INTO `File` VALUES (1, 'SilverStripe\\Assets\\Folder', '2019-01-05 02:10:20', '2019-01-05 02:10:20', 2, 'Inherit', 'Inherit', 'Uploads', 'Uploads', 1, 0, 1, NULL, NULL, NULL);
INSERT INTO `File` VALUES (2, 'SilverStripe\\Assets\\Folder', '2019-01-05 02:10:20', '2019-01-05 02:10:20', 2, 'Inherit', 'Inherit', 'Header_Background', 'Header_Background', 1, 1, 1, NULL, NULL, NULL);
INSERT INTO `File` VALUES (3, 'SilverStripe\\Assets\\Image', '2019-01-05 02:17:12', '2019-01-05 02:12:34', 2, 'Inherit', 'Inherit', 'bg-pattern.jpg', 'bg pattern', 1, 2, 1, 'bcf0255c389b09b52ed341a5c54b5b8551aa91df', 'Uploads/Header_Background/bg-pattern.jpg', NULL);
INSERT INTO `File` VALUES (4, 'SilverStripe\\Assets\\Folder', '2019-01-05 03:15:43', '2019-01-05 03:15:42', 2, 'Inherit', 'Inherit', 'weFocusIcon', 'weFocusIcon', 1, 1, 1, NULL, NULL, NULL);
INSERT INTO `File` VALUES (5, 'SilverStripe\\Assets\\Folder', '2019-01-05 03:15:43', '2019-01-05 03:15:43', 2, 'Inherit', 'Inherit', 'weFocusImageBottom', 'weFocusImageBottom', 1, 1, 1, NULL, NULL, NULL);
INSERT INTO `File` VALUES (6, 'SilverStripe\\Assets\\Image', '2019-01-05 03:50:04', '2019-01-05 03:50:02', 2, 'Inherit', 'Inherit', 'patient-engagement.png', 'patient engagement', 1, 5, 1, '681e397f06f1a6944533524ec730705762b4b2ec', 'Uploads/weFocusImageBottom/patient-engagement.png', NULL);
INSERT INTO `File` VALUES (7, 'SilverStripe\\Assets\\Folder', '2019-01-05 04:56:51', '2019-01-05 04:56:50', 2, 'Inherit', 'Inherit', 'imageRightPushNotif', 'imageRightPushNotif', 1, 1, 1, NULL, NULL, NULL);
INSERT INTO `File` VALUES (8, 'SilverStripe\\Assets\\Image', '2019-01-05 05:11:22', '2019-01-05 05:09:14', 2, 'Inherit', 'Inherit', 'push-notifications.png', 'push notifications', 1, 7, 1, 'aceb7dd78703cf6210ac2833d03ef49f851e7884', 'Uploads/imageRightPushNotif/push-notifications.png', NULL);
COMMIT;

-- ----------------------------
-- Table structure for FileLink
-- ----------------------------
DROP TABLE IF EXISTS `FileLink`;
CREATE TABLE `FileLink` (
  `ID` int(11) NOT NULL AUTO_INCREMENT,
  `ClassName` enum('SilverStripe\\Assets\\Shortcodes\\FileLink') DEFAULT 'SilverStripe\\Assets\\Shortcodes\\FileLink',
  `LastEdited` datetime DEFAULT NULL,
  `Created` datetime DEFAULT NULL,
  `LinkedID` int(11) NOT NULL DEFAULT '0',
  `ParentID` int(11) NOT NULL DEFAULT '0',
  `ParentClass` enum('SilverStripe\\Assets\\File','SilverStripe\\SiteConfig\\SiteConfig','SilverStripe\\Versioned\\ChangeSet','SilverStripe\\Versioned\\ChangeSetItem','SilverStripe\\Assets\\Shortcodes\\FileLink','SilverStripe\\CMS\\Model\\SiteTree','SilverStripe\\CMS\\Model\\SiteTreeLink','SilverStripe\\Security\\Group','SilverStripe\\Security\\LoginAttempt','SilverStripe\\Security\\Member','SilverStripe\\Security\\MemberPassword','SilverStripe\\Security\\Permission','SilverStripe\\Security\\PermissionRole','SilverStripe\\Security\\PermissionRoleCode','SilverStripe\\Security\\RememberLoginHash','SilverStripe\\Assets\\Folder','SilverStripe\\Assets\\Image','Page','Main\\HomePage','SilverStripe\\ErrorPage\\ErrorPage','SilverStripe\\CMS\\Model\\RedirectorPage','SilverStripe\\CMS\\Model\\VirtualPage') DEFAULT 'SilverStripe\\Assets\\File',
  PRIMARY KEY (`ID`),
  KEY `ClassName` (`ClassName`),
  KEY `LinkedID` (`LinkedID`),
  KEY `Parent` (`ParentID`,`ParentClass`)
) ENGINE=InnoDB DEFAULT CHARSET=utf8;

-- ----------------------------
-- Table structure for File_EditorGroups
-- ----------------------------
DROP TABLE IF EXISTS `File_EditorGroups`;
CREATE TABLE `File_EditorGroups` (
  `ID` int(11) NOT NULL AUTO_INCREMENT,
  `FileID` int(11) NOT NULL DEFAULT '0',
  `GroupID` int(11) NOT NULL DEFAULT '0',
  PRIMARY KEY (`ID`),
  KEY `FileID` (`FileID`),
  KEY `GroupID` (`GroupID`)
) ENGINE=InnoDB DEFAULT CHARSET=utf8;

-- ----------------------------
-- Table structure for File_Live
-- ----------------------------
DROP TABLE IF EXISTS `File_Live`;
CREATE TABLE `File_Live` (
  `ID` int(11) NOT NULL AUTO_INCREMENT,
  `ClassName` enum('SilverStripe\\Assets\\File','SilverStripe\\Assets\\Folder','SilverStripe\\Assets\\Image') DEFAULT 'SilverStripe\\Assets\\File',
  `LastEdited` datetime DEFAULT NULL,
  `Created` datetime DEFAULT NULL,
  `Version` int(11) NOT NULL DEFAULT '0',
  `CanViewType` enum('Anyone','LoggedInUsers','OnlyTheseUsers','Inherit') DEFAULT 'Inherit',
  `CanEditType` enum('LoggedInUsers','OnlyTheseUsers','Inherit') DEFAULT 'Inherit',
  `Name` varchar(255) DEFAULT NULL,
  `Title` varchar(255) DEFAULT NULL,
  `ShowInSearch` tinyint(1) unsigned NOT NULL DEFAULT '1',
  `ParentID` int(11) NOT NULL DEFAULT '0',
  `OwnerID` int(11) NOT NULL DEFAULT '0',
  `FileHash` varchar(255) DEFAULT NULL,
  `FileFilename` varchar(255) DEFAULT NULL,
  `FileVariant` varchar(255) DEFAULT NULL,
  PRIMARY KEY (`ID`),
  KEY `Name` (`Name`),
  KEY `ClassName` (`ClassName`),
  KEY `ParentID` (`ParentID`),
  KEY `OwnerID` (`OwnerID`)
) ENGINE=InnoDB AUTO_INCREMENT=9 DEFAULT CHARSET=utf8;

-- ----------------------------
-- Records of File_Live
-- ----------------------------
BEGIN;
INSERT INTO `File_Live` VALUES (1, 'SilverStripe\\Assets\\Folder', '2019-01-05 02:10:20', '2019-01-05 02:10:20', 2, 'Inherit', 'Inherit', 'Uploads', 'Uploads', 1, 0, 1, NULL, NULL, NULL);
INSERT INTO `File_Live` VALUES (2, 'SilverStripe\\Assets\\Folder', '2019-01-05 02:10:20', '2019-01-05 02:10:20', 2, 'Inherit', 'Inherit', 'Header_Background', 'Header_Background', 1, 1, 1, NULL, NULL, NULL);
INSERT INTO `File_Live` VALUES (3, 'SilverStripe\\Assets\\Image', '2019-01-05 02:17:12', '2019-01-05 02:12:34', 2, 'Inherit', 'Inherit', 'bg-pattern.jpg', 'bg pattern', 1, 2, 1, 'bcf0255c389b09b52ed341a5c54b5b8551aa91df', 'Uploads/Header_Background/bg-pattern.jpg', NULL);
INSERT INTO `File_Live` VALUES (4, 'SilverStripe\\Assets\\Folder', '2019-01-05 03:15:43', '2019-01-05 03:15:42', 2, 'Inherit', 'Inherit', 'weFocusIcon', 'weFocusIcon', 1, 1, 1, NULL, NULL, NULL);
INSERT INTO `File_Live` VALUES (5, 'SilverStripe\\Assets\\Folder', '2019-01-05 03:15:43', '2019-01-05 03:15:43', 2, 'Inherit', 'Inherit', 'weFocusImageBottom', 'weFocusImageBottom', 1, 1, 1, NULL, NULL, NULL);
INSERT INTO `File_Live` VALUES (6, 'SilverStripe\\Assets\\Image', '2019-01-05 03:50:04', '2019-01-05 03:50:02', 2, 'Inherit', 'Inherit', 'patient-engagement.png', 'patient engagement', 1, 5, 1, '681e397f06f1a6944533524ec730705762b4b2ec', 'Uploads/weFocusImageBottom/patient-engagement.png', NULL);
INSERT INTO `File_Live` VALUES (7, 'SilverStripe\\Assets\\Folder', '2019-01-05 04:56:51', '2019-01-05 04:56:50', 2, 'Inherit', 'Inherit', 'imageRightPushNotif', 'imageRightPushNotif', 1, 1, 1, NULL, NULL, NULL);
INSERT INTO `File_Live` VALUES (8, 'SilverStripe\\Assets\\Image', '2019-01-05 05:11:22', '2019-01-05 05:09:14', 2, 'Inherit', 'Inherit', 'push-notifications.png', 'push notifications', 1, 7, 1, 'aceb7dd78703cf6210ac2833d03ef49f851e7884', 'Uploads/imageRightPushNotif/push-notifications.png', NULL);
COMMIT;

-- ----------------------------
-- Table structure for File_Versions
-- ----------------------------
DROP TABLE IF EXISTS `File_Versions`;
CREATE TABLE `File_Versions` (
  `ID` int(11) NOT NULL AUTO_INCREMENT,
  `RecordID` int(11) NOT NULL DEFAULT '0',
  `Version` int(11) NOT NULL DEFAULT '0',
  `WasPublished` tinyint(1) unsigned NOT NULL DEFAULT '0',
  `WasDeleted` tinyint(1) unsigned NOT NULL DEFAULT '0',
  `WasDraft` tinyint(1) unsigned NOT NULL DEFAULT '0',
  `AuthorID` int(11) NOT NULL DEFAULT '0',
  `PublisherID` int(11) NOT NULL DEFAULT '0',
  `ClassName` enum('SilverStripe\\Assets\\File','SilverStripe\\Assets\\Folder','SilverStripe\\Assets\\Image') DEFAULT 'SilverStripe\\Assets\\File',
  `LastEdited` datetime DEFAULT NULL,
  `Created` datetime DEFAULT NULL,
  `CanViewType` enum('Anyone','LoggedInUsers','OnlyTheseUsers','Inherit') DEFAULT 'Inherit',
  `CanEditType` enum('LoggedInUsers','OnlyTheseUsers','Inherit') DEFAULT 'Inherit',
  `Name` varchar(255) DEFAULT NULL,
  `Title` varchar(255) DEFAULT NULL,
  `ShowInSearch` tinyint(1) unsigned NOT NULL DEFAULT '1',
  `ParentID` int(11) NOT NULL DEFAULT '0',
  `OwnerID` int(11) NOT NULL DEFAULT '0',
  `FileHash` varchar(255) DEFAULT NULL,
  `FileFilename` varchar(255) DEFAULT NULL,
  `FileVariant` varchar(255) DEFAULT NULL,
  PRIMARY KEY (`ID`),
  KEY `RecordID_Version` (`RecordID`,`Version`),
  KEY `RecordID` (`RecordID`),
  KEY `Version` (`Version`),
  KEY `AuthorID` (`AuthorID`),
  KEY `PublisherID` (`PublisherID`),
  KEY `Name` (`Name`),
  KEY `ClassName` (`ClassName`),
  KEY `ParentID` (`ParentID`),
  KEY `OwnerID` (`OwnerID`)
) ENGINE=InnoDB AUTO_INCREMENT=17 DEFAULT CHARSET=utf8;

-- ----------------------------
-- Records of File_Versions
-- ----------------------------
BEGIN;
INSERT INTO `File_Versions` VALUES (1, 1, 1, 0, 0, 1, 1, 0, 'SilverStripe\\Assets\\Folder', '2019-01-05 02:10:20', '2019-01-05 02:10:20', 'Inherit', 'Inherit', 'Uploads', 'Uploads', 1, 0, 1, NULL, NULL, NULL);
INSERT INTO `File_Versions` VALUES (2, 1, 2, 1, 0, 1, 1, 1, 'SilverStripe\\Assets\\Folder', '2019-01-05 02:10:20', '2019-01-05 02:10:20', 'Inherit', 'Inherit', 'Uploads', 'Uploads', 1, 0, 1, NULL, NULL, NULL);
INSERT INTO `File_Versions` VALUES (3, 2, 1, 0, 0, 1, 1, 0, 'SilverStripe\\Assets\\Folder', '2019-01-05 02:10:20', '2019-01-05 02:10:20', 'Inherit', 'Inherit', 'Header_Background', 'Header_Background', 1, 1, 1, NULL, NULL, NULL);
INSERT INTO `File_Versions` VALUES (4, 2, 2, 1, 0, 1, 1, 1, 'SilverStripe\\Assets\\Folder', '2019-01-05 02:10:20', '2019-01-05 02:10:20', 'Inherit', 'Inherit', 'Header_Background', 'Header_Background', 1, 1, 1, NULL, NULL, NULL);
INSERT INTO `File_Versions` VALUES (5, 3, 1, 0, 0, 1, 1, 0, 'SilverStripe\\Assets\\Image', '2019-01-05 02:12:34', '2019-01-05 02:12:34', 'Inherit', 'Inherit', 'bg-pattern.jpg', 'bg pattern', 1, 2, 1, 'bcf0255c389b09b52ed341a5c54b5b8551aa91df', 'Uploads/Header_Background/bg-pattern.jpg', NULL);
INSERT INTO `File_Versions` VALUES (6, 3, 2, 1, 0, 1, 1, 1, 'SilverStripe\\Assets\\Image', '2019-01-05 02:17:12', '2019-01-05 02:12:34', 'Inherit', 'Inherit', 'bg-pattern.jpg', 'bg pattern', 1, 2, 1, 'bcf0255c389b09b52ed341a5c54b5b8551aa91df', 'Uploads/Header_Background/bg-pattern.jpg', NULL);
INSERT INTO `File_Versions` VALUES (7, 4, 1, 0, 0, 1, 1, 0, 'SilverStripe\\Assets\\Folder', '2019-01-05 03:15:42', '2019-01-05 03:15:42', 'Inherit', 'Inherit', 'weFocusIcon', 'weFocusIcon', 1, 1, 1, NULL, NULL, NULL);
INSERT INTO `File_Versions` VALUES (8, 4, 2, 1, 0, 1, 1, 1, 'SilverStripe\\Assets\\Folder', '2019-01-05 03:15:43', '2019-01-05 03:15:42', 'Inherit', 'Inherit', 'weFocusIcon', 'weFocusIcon', 1, 1, 1, NULL, NULL, NULL);
INSERT INTO `File_Versions` VALUES (9, 5, 1, 0, 0, 1, 1, 0, 'SilverStripe\\Assets\\Folder', '2019-01-05 03:15:43', '2019-01-05 03:15:43', 'Inherit', 'Inherit', 'weFocusImageBottom', 'weFocusImageBottom', 1, 1, 1, NULL, NULL, NULL);
INSERT INTO `File_Versions` VALUES (10, 5, 2, 1, 0, 1, 1, 1, 'SilverStripe\\Assets\\Folder', '2019-01-05 03:15:43', '2019-01-05 03:15:43', 'Inherit', 'Inherit', 'weFocusImageBottom', 'weFocusImageBottom', 1, 1, 1, NULL, NULL, NULL);
INSERT INTO `File_Versions` VALUES (11, 6, 1, 0, 0, 1, 1, 0, 'SilverStripe\\Assets\\Image', '2019-01-05 03:50:02', '2019-01-05 03:50:02', 'Inherit', 'Inherit', 'patient-engagement.png', 'patient engagement', 1, 5, 1, '681e397f06f1a6944533524ec730705762b4b2ec', 'Uploads/weFocusImageBottom/patient-engagement.png', NULL);
INSERT INTO `File_Versions` VALUES (12, 6, 2, 1, 0, 1, 1, 1, 'SilverStripe\\Assets\\Image', '2019-01-05 03:50:04', '2019-01-05 03:50:02', 'Inherit', 'Inherit', 'patient-engagement.png', 'patient engagement', 1, 5, 1, '681e397f06f1a6944533524ec730705762b4b2ec', 'Uploads/weFocusImageBottom/patient-engagement.png', NULL);
INSERT INTO `File_Versions` VALUES (13, 7, 1, 0, 0, 1, 1, 0, 'SilverStripe\\Assets\\Folder', '2019-01-05 04:56:50', '2019-01-05 04:56:50', 'Inherit', 'Inherit', 'imageRightPushNotif', 'imageRightPushNotif', 1, 1, 1, NULL, NULL, NULL);
INSERT INTO `File_Versions` VALUES (14, 7, 2, 1, 0, 1, 1, 1, 'SilverStripe\\Assets\\Folder', '2019-01-05 04:56:51', '2019-01-05 04:56:50', 'Inherit', 'Inherit', 'imageRightPushNotif', 'imageRightPushNotif', 1, 1, 1, NULL, NULL, NULL);
INSERT INTO `File_Versions` VALUES (15, 8, 1, 0, 0, 1, 1, 0, 'SilverStripe\\Assets\\Image', '2019-01-05 05:09:14', '2019-01-05 05:09:14', 'Inherit', 'Inherit', 'push-notifications.png', 'push notifications', 1, 7, 1, 'aceb7dd78703cf6210ac2833d03ef49f851e7884', 'Uploads/imageRightPushNotif/push-notifications.png', NULL);
INSERT INTO `File_Versions` VALUES (16, 8, 2, 1, 0, 1, 1, 1, 'SilverStripe\\Assets\\Image', '2019-01-05 05:11:22', '2019-01-05 05:09:14', 'Inherit', 'Inherit', 'push-notifications.png', 'push notifications', 1, 7, 1, 'aceb7dd78703cf6210ac2833d03ef49f851e7884', 'Uploads/imageRightPushNotif/push-notifications.png', NULL);
COMMIT;

-- ----------------------------
-- Table structure for File_ViewerGroups
-- ----------------------------
DROP TABLE IF EXISTS `File_ViewerGroups`;
CREATE TABLE `File_ViewerGroups` (
  `ID` int(11) NOT NULL AUTO_INCREMENT,
  `FileID` int(11) NOT NULL DEFAULT '0',
  `GroupID` int(11) NOT NULL DEFAULT '0',
  PRIMARY KEY (`ID`),
  KEY `FileID` (`FileID`),
  KEY `GroupID` (`GroupID`)
) ENGINE=InnoDB DEFAULT CHARSET=utf8;

-- ----------------------------
-- Table structure for Group
-- ----------------------------
DROP TABLE IF EXISTS `Group`;
CREATE TABLE `Group` (
  `ID` int(11) NOT NULL AUTO_INCREMENT,
  `ClassName` enum('SilverStripe\\Security\\Group') DEFAULT 'SilverStripe\\Security\\Group',
  `LastEdited` datetime DEFAULT NULL,
  `Created` datetime DEFAULT NULL,
  `Title` varchar(255) DEFAULT NULL,
  `Description` mediumtext,
  `Code` varchar(255) DEFAULT NULL,
  `Locked` tinyint(1) unsigned NOT NULL DEFAULT '0',
  `Sort` int(11) NOT NULL DEFAULT '0',
  `HtmlEditorConfig` mediumtext,
  `ParentID` int(11) NOT NULL DEFAULT '0',
  PRIMARY KEY (`ID`),
  KEY `ClassName` (`ClassName`),
  KEY `ParentID` (`ParentID`)
) ENGINE=InnoDB AUTO_INCREMENT=3 DEFAULT CHARSET=utf8;

-- ----------------------------
-- Records of Group
-- ----------------------------
BEGIN;
INSERT INTO `Group` VALUES (1, 'SilverStripe\\Security\\Group', '2019-01-04 22:31:30', '2019-01-04 22:31:30', 'Content Authors', NULL, 'content-authors', 0, 1, NULL, 0);
INSERT INTO `Group` VALUES (2, 'SilverStripe\\Security\\Group', '2019-01-04 22:31:30', '2019-01-04 22:31:30', 'Administrators', NULL, 'administrators', 0, 0, NULL, 0);
COMMIT;

-- ----------------------------
-- Table structure for Group_Members
-- ----------------------------
DROP TABLE IF EXISTS `Group_Members`;
CREATE TABLE `Group_Members` (
  `ID` int(11) NOT NULL AUTO_INCREMENT,
  `GroupID` int(11) NOT NULL DEFAULT '0',
  `MemberID` int(11) NOT NULL DEFAULT '0',
  PRIMARY KEY (`ID`),
  KEY `GroupID` (`GroupID`),
  KEY `MemberID` (`MemberID`)
) ENGINE=InnoDB AUTO_INCREMENT=2 DEFAULT CHARSET=utf8;

-- ----------------------------
-- Records of Group_Members
-- ----------------------------
BEGIN;
INSERT INTO `Group_Members` VALUES (1, 2, 1);
COMMIT;

-- ----------------------------
-- Table structure for Group_Roles
-- ----------------------------
DROP TABLE IF EXISTS `Group_Roles`;
CREATE TABLE `Group_Roles` (
  `ID` int(11) NOT NULL AUTO_INCREMENT,
  `GroupID` int(11) NOT NULL DEFAULT '0',
  `PermissionRoleID` int(11) NOT NULL DEFAULT '0',
  PRIMARY KEY (`ID`),
  KEY `GroupID` (`GroupID`),
  KEY `PermissionRoleID` (`PermissionRoleID`)
) ENGINE=InnoDB DEFAULT CHARSET=utf8;

-- ----------------------------
-- Table structure for LoginAttempt
-- ----------------------------
DROP TABLE IF EXISTS `LoginAttempt`;
CREATE TABLE `LoginAttempt` (
  `ID` int(11) NOT NULL AUTO_INCREMENT,
  `ClassName` enum('SilverStripe\\Security\\LoginAttempt') DEFAULT 'SilverStripe\\Security\\LoginAttempt',
  `LastEdited` datetime DEFAULT NULL,
  `Created` datetime DEFAULT NULL,
  `Email` varchar(255) DEFAULT NULL,
  `EmailHashed` varchar(255) DEFAULT NULL,
  `Status` enum('Success','Failure') DEFAULT 'Success',
  `IP` varchar(255) DEFAULT NULL,
  `MemberID` int(11) NOT NULL DEFAULT '0',
  PRIMARY KEY (`ID`),
  KEY `ClassName` (`ClassName`),
  KEY `MemberID` (`MemberID`),
  KEY `EmailHashed` (`EmailHashed`)
) ENGINE=InnoDB AUTO_INCREMENT=9 DEFAULT CHARSET=utf8;

-- ----------------------------
-- Records of LoginAttempt
-- ----------------------------
BEGIN;
INSERT INTO `LoginAttempt` VALUES (1, 'SilverStripe\\Security\\LoginAttempt', '2019-01-04 22:31:44', '2019-01-04 22:31:44', NULL, 'd033e22ae348aeb5660fc2140aec35850c4da997', 'Success', '::1', 1);
INSERT INTO `LoginAttempt` VALUES (2, 'SilverStripe\\Security\\LoginAttempt', '2019-01-04 22:35:00', '2019-01-04 22:35:00', NULL, 'd033e22ae348aeb5660fc2140aec35850c4da997', 'Success', '::1', 1);
INSERT INTO `LoginAttempt` VALUES (3, 'SilverStripe\\Security\\LoginAttempt', '2019-01-04 22:52:37', '2019-01-04 22:52:37', NULL, 'd033e22ae348aeb5660fc2140aec35850c4da997', 'Success', '::1', 1);
INSERT INTO `LoginAttempt` VALUES (4, 'SilverStripe\\Security\\LoginAttempt', '2019-01-04 23:28:58', '2019-01-04 23:28:58', NULL, 'd033e22ae348aeb5660fc2140aec35850c4da997', 'Failure', '::1', 1);
INSERT INTO `LoginAttempt` VALUES (5, 'SilverStripe\\Security\\LoginAttempt', '2019-01-04 23:36:27', '2019-01-04 23:36:27', NULL, 'd033e22ae348aeb5660fc2140aec35850c4da997', 'Failure', '::1', 1);
INSERT INTO `LoginAttempt` VALUES (6, 'SilverStripe\\Security\\LoginAttempt', '2019-01-04 23:37:31', '2019-01-04 23:37:31', NULL, 'd033e22ae348aeb5660fc2140aec35850c4da997', 'Failure', '::1', 1);
INSERT INTO `LoginAttempt` VALUES (7, 'SilverStripe\\Security\\LoginAttempt', '2019-01-04 23:37:36', '2019-01-04 23:37:36', NULL, 'd033e22ae348aeb5660fc2140aec35850c4da997', 'Failure', '::1', 1);
INSERT INTO `LoginAttempt` VALUES (8, 'SilverStripe\\Security\\LoginAttempt', '2019-01-04 23:38:14', '2019-01-04 23:38:14', NULL, 'd033e22ae348aeb5660fc2140aec35850c4da997', 'Success', '::1', 1);
COMMIT;

-- ----------------------------
-- Table structure for Main_HomePage
-- ----------------------------
DROP TABLE IF EXISTS `Main_HomePage`;
CREATE TABLE `Main_HomePage` (
  `ID` int(11) NOT NULL AUTO_INCREMENT,
  `caption1` mediumtext,
  `caption2` mediumtext,
  `headerBackgroundID` int(11) NOT NULL DEFAULT '0',
  `buttonCaptionHeader` mediumtext,
  `buttonLabelWeFocus` mediumtext,
  `weFocusIconID` int(11) NOT NULL DEFAULT '0',
  `weFocusImageBottomID` int(11) NOT NULL DEFAULT '0',
  `label1_weFocus` mediumtext,
  `label2_weFocus` mediumtext,
  `label1PushNotif` mediumtext,
  `details1PushNotif` mediumtext,
  `label2PushNotif` mediumtext,
  `details2PushNotif` mediumtext,
  `imageRightPushNotifID` int(11) NOT NULL DEFAULT '0',
  PRIMARY KEY (`ID`),
  KEY `headerBackgroundID` (`headerBackgroundID`),
  KEY `weFocusIconID` (`weFocusIconID`),
  KEY `weFocusImageBottomID` (`weFocusImageBottomID`),
  KEY `imageRightPushNotifID` (`imageRightPushNotifID`)
) ENGINE=InnoDB AUTO_INCREMENT=2 DEFAULT CHARSET=utf8;

-- ----------------------------
-- Records of Main_HomePage
-- ----------------------------
BEGIN;
INSERT INTO `Main_HomePage` VALUES (1, NULL, NULL, 0, NULL, NULL, 0, 0, NULL, NULL, NULL, NULL, NULL, NULL, 0);
COMMIT;

-- ----------------------------
-- Table structure for Main_HomePage_Live
-- ----------------------------
DROP TABLE IF EXISTS `Main_HomePage_Live`;
CREATE TABLE `Main_HomePage_Live` (
  `ID` int(11) NOT NULL AUTO_INCREMENT,
  `caption1` mediumtext,
  `caption2` mediumtext,
  `button_caption` mediumtext,
  `backgroundID` int(11) NOT NULL DEFAULT '0',
  `buttonCaption` mediumtext,
  `headerBackgroundID` int(11) NOT NULL DEFAULT '0',
  `buttonCaptionHeader` mediumtext,
  `label1` mediumtext,
  `label2` mediumtext,
  `buttonLabelWeFocus` mediumtext,
  `weFocusIconID` int(11) NOT NULL DEFAULT '0',
  `weFocusImageBottomID` int(11) NOT NULL DEFAULT '0',
  `label1_weFocus` mediumtext,
  `label2_weFocus` mediumtext,
  `label1PushNotif` mediumtext,
  `details1PushNotif` mediumtext,
  `label2PushNotif` mediumtext,
  `details2PushNotif` mediumtext,
  `imageRightPushNotifID` int(11) NOT NULL DEFAULT '0',
  PRIMARY KEY (`ID`),
  KEY `backgroundID` (`backgroundID`),
  KEY `headerBackgroundID` (`headerBackgroundID`),
  KEY `weFocusIconID` (`weFocusIconID`),
  KEY `weFocusImageBottomID` (`weFocusImageBottomID`),
  KEY `imageRightPushNotifID` (`imageRightPushNotifID`)
) ENGINE=InnoDB AUTO_INCREMENT=2 DEFAULT CHARSET=utf8;

-- ----------------------------
-- Records of Main_HomePage_Live
-- ----------------------------
BEGIN;
INSERT INTO `Main_HomePage_Live` VALUES (1, NULL, NULL, NULL, 0, NULL, 0, NULL, NULL, NULL, NULL, 0, 0, NULL, NULL, NULL, NULL, NULL, NULL, 0);
COMMIT;

-- ----------------------------
-- Table structure for Main_HomePage_Versions
-- ----------------------------
DROP TABLE IF EXISTS `Main_HomePage_Versions`;
CREATE TABLE `Main_HomePage_Versions` (
  `ID` int(11) NOT NULL AUTO_INCREMENT,
  `RecordID` int(11) NOT NULL DEFAULT '0',
  `Version` int(11) NOT NULL DEFAULT '0',
  `caption1` mediumtext,
  `caption2` mediumtext,
  `button_caption` mediumtext,
  `backgroundID` int(11) NOT NULL DEFAULT '0',
  `buttonCaption` mediumtext,
  `headerBackgroundID` int(11) NOT NULL DEFAULT '0',
  `buttonCaptionHeader` mediumtext,
  `label1` mediumtext,
  `label2` mediumtext,
  `buttonLabelWeFocus` mediumtext,
  `weFocusIconID` int(11) NOT NULL DEFAULT '0',
  `weFocusImageBottomID` int(11) NOT NULL DEFAULT '0',
  `label1_weFocus` mediumtext,
  `label2_weFocus` mediumtext,
  `label1PushNotif` mediumtext,
  `details1PushNotif` mediumtext,
  `label2PushNotif` mediumtext,
  `details2PushNotif` mediumtext,
  `imageRightPushNotifID` int(11) NOT NULL DEFAULT '0',
  PRIMARY KEY (`ID`),
  UNIQUE KEY `RecordID_Version` (`RecordID`,`Version`),
  KEY `RecordID` (`RecordID`),
  KEY `Version` (`Version`),
  KEY `backgroundID` (`backgroundID`),
  KEY `headerBackgroundID` (`headerBackgroundID`),
  KEY `weFocusIconID` (`weFocusIconID`),
  KEY `weFocusImageBottomID` (`weFocusImageBottomID`),
  KEY `imageRightPushNotifID` (`imageRightPushNotifID`)
) ENGINE=InnoDB AUTO_INCREMENT=83 DEFAULT CHARSET=utf8;

-- ----------------------------
-- Records of Main_HomePage_Versions
-- ----------------------------
BEGIN;
INSERT INTO `Main_HomePage_Versions` VALUES (1, 1, 5, 'sample caption 1', NULL, NULL, 0, NULL, 0, NULL, NULL, NULL, NULL, 0, 0, NULL, NULL, NULL, NULL, NULL, NULL, 0);
INSERT INTO `Main_HomePage_Versions` VALUES (2, 1, 6, 'sample caption 1', NULL, NULL, 0, NULL, 0, NULL, NULL, NULL, NULL, 0, 0, NULL, NULL, NULL, NULL, NULL, NULL, 0);
INSERT INTO `Main_HomePage_Versions` VALUES (3, 1, 7, NULL, NULL, NULL, 0, NULL, 0, NULL, NULL, NULL, NULL, 0, 0, NULL, NULL, NULL, NULL, NULL, NULL, 0);
INSERT INTO `Main_HomePage_Versions` VALUES (4, 1, 8, NULL, NULL, NULL, 0, NULL, 0, NULL, NULL, NULL, NULL, 0, 0, NULL, NULL, NULL, NULL, NULL, NULL, 0);
INSERT INTO `Main_HomePage_Versions` VALUES (5, 1, 9, 'asdfhljadsfhadjkshfjkadhsfadsfhadjkfadskfad ahs dj', NULL, NULL, 0, NULL, 0, NULL, NULL, NULL, NULL, 0, 0, NULL, NULL, NULL, NULL, NULL, NULL, 0);
INSERT INTO `Main_HomePage_Versions` VALUES (6, 1, 10, 'asdfhljadsfhadjkshfjkadhsfadsfhadjkfadskfad ahs dj', NULL, NULL, 0, NULL, 0, NULL, NULL, NULL, NULL, 0, 0, NULL, NULL, NULL, NULL, NULL, NULL, 0);
INSERT INTO `Main_HomePage_Versions` VALUES (7, 1, 11, 'adsfjkhadjksh kasdf adsf sd', NULL, NULL, 0, NULL, 0, NULL, NULL, NULL, NULL, 0, 0, NULL, NULL, NULL, NULL, NULL, NULL, 0);
INSERT INTO `Main_HomePage_Versions` VALUES (8, 1, 12, 'adsfjkhadjksh kasdf adsf sd', NULL, NULL, 0, NULL, 0, NULL, NULL, NULL, NULL, 0, 0, NULL, NULL, NULL, NULL, NULL, NULL, 0);
INSERT INTO `Main_HomePage_Versions` VALUES (9, 1, 13, 'adsfjkhadjksh kasdf adsf sd dshfghds hjsdhjfdfsdsf', NULL, NULL, 0, NULL, 0, NULL, NULL, NULL, NULL, 0, 0, NULL, NULL, NULL, NULL, NULL, NULL, 0);
INSERT INTO `Main_HomePage_Versions` VALUES (10, 1, 14, 'adsfjkhadjksh kasdf adsf sd dshfghds hjsdhjfdfsdsf', NULL, NULL, 0, NULL, 0, NULL, NULL, NULL, NULL, 0, 0, NULL, NULL, NULL, NULL, NULL, NULL, 0);
INSERT INTO `Main_HomePage_Versions` VALUES (11, 1, 15, NULL, NULL, NULL, 0, NULL, 0, NULL, NULL, NULL, NULL, 0, 0, NULL, NULL, NULL, NULL, NULL, NULL, 0);
INSERT INTO `Main_HomePage_Versions` VALUES (12, 1, 16, NULL, NULL, NULL, 0, NULL, 0, NULL, NULL, NULL, NULL, 0, 0, NULL, NULL, NULL, NULL, NULL, NULL, 0);
INSERT INTO `Main_HomePage_Versions` VALUES (13, 1, 17, 'sadasdjkajsdhjkasdajksdjkasjkdhasdahsjkdjkasdhajks', NULL, NULL, 0, NULL, 0, NULL, NULL, NULL, NULL, 0, 0, NULL, NULL, NULL, NULL, NULL, NULL, 0);
INSERT INTO `Main_HomePage_Versions` VALUES (14, 1, 18, 'sadasdjkajsdhjkasdajksdjkasjkdhasdahsjkdjkasdhajks', NULL, NULL, 0, NULL, 0, NULL, NULL, NULL, NULL, 0, 0, NULL, NULL, NULL, NULL, NULL, NULL, 0);
INSERT INTO `Main_HomePage_Versions` VALUES (15, 1, 19, 'sadasdjkajsdhjkasdaj ksdjkasjkdhasdahsjkdjkasdhajk', NULL, NULL, 0, NULL, 0, NULL, NULL, NULL, NULL, 0, 0, NULL, NULL, NULL, NULL, NULL, NULL, 0);
INSERT INTO `Main_HomePage_Versions` VALUES (16, 1, 20, 'sadasdjkajsdhjkasdaj ksdjkasjkdhasdahsjkdjkasdhajk', NULL, NULL, 0, NULL, 0, NULL, NULL, NULL, NULL, 0, 0, NULL, NULL, NULL, NULL, NULL, NULL, 0);
INSERT INTO `Main_HomePage_Versions` VALUES (17, 1, 21, 'sadasdjkajsdhjkasdajksdjkasjkdhasdahsjkdjkasdhajk', NULL, NULL, 0, NULL, 0, NULL, NULL, NULL, NULL, 0, 0, NULL, NULL, NULL, NULL, NULL, NULL, 0);
INSERT INTO `Main_HomePage_Versions` VALUES (18, 1, 22, 'sadasdjkajsdhjkasdajksdjkasjkdhasdahsjkdjkasdhajk', NULL, NULL, 0, NULL, 0, NULL, NULL, NULL, NULL, 0, 0, NULL, NULL, NULL, NULL, NULL, NULL, 0);
INSERT INTO `Main_HomePage_Versions` VALUES (19, 1, 23, NULL, NULL, NULL, 0, NULL, 0, NULL, NULL, NULL, NULL, 0, 0, NULL, NULL, NULL, NULL, NULL, NULL, 0);
INSERT INTO `Main_HomePage_Versions` VALUES (20, 1, 24, NULL, NULL, NULL, 0, NULL, 0, NULL, NULL, NULL, NULL, 0, 0, NULL, NULL, NULL, NULL, NULL, NULL, 0);
INSERT INTO `Main_HomePage_Versions` VALUES (21, 1, 25, NULL, 'fhadshfkjadshjk hadsjkf hadsfjkadskfadsfdasfdafads', NULL, 0, NULL, 0, NULL, NULL, NULL, NULL, 0, 0, NULL, NULL, NULL, NULL, NULL, NULL, 0);
INSERT INTO `Main_HomePage_Versions` VALUES (22, 1, 26, NULL, 'fhadshfkjadshjk hadsjkf hadsfjkadskfadsfdasfdafads', NULL, 0, NULL, 0, NULL, NULL, NULL, NULL, 0, 0, NULL, NULL, NULL, NULL, NULL, NULL, 0);
INSERT INTO `Main_HomePage_Versions` VALUES (23, 1, 27, NULL, NULL, NULL, 0, NULL, 0, NULL, NULL, NULL, NULL, 0, 0, NULL, NULL, NULL, NULL, NULL, NULL, 0);
INSERT INTO `Main_HomePage_Versions` VALUES (24, 1, 28, NULL, NULL, NULL, 0, NULL, 0, NULL, NULL, NULL, NULL, 0, 0, NULL, NULL, NULL, NULL, NULL, NULL, 0);
INSERT INTO `Main_HomePage_Versions` VALUES (25, 1, 29, NULL, NULL, NULL, 0, NULL, 3, NULL, NULL, NULL, NULL, 0, 0, NULL, NULL, NULL, NULL, NULL, NULL, 0);
INSERT INTO `Main_HomePage_Versions` VALUES (26, 1, 30, NULL, NULL, NULL, 0, NULL, 3, NULL, NULL, NULL, NULL, 0, 0, NULL, NULL, NULL, NULL, NULL, NULL, 0);
INSERT INTO `Main_HomePage_Versions` VALUES (27, 1, 31, NULL, NULL, NULL, 0, NULL, 0, NULL, NULL, NULL, NULL, 0, 0, NULL, NULL, NULL, NULL, NULL, NULL, 0);
INSERT INTO `Main_HomePage_Versions` VALUES (28, 1, 32, NULL, NULL, NULL, 0, NULL, 0, NULL, NULL, NULL, NULL, 0, 0, NULL, NULL, NULL, NULL, NULL, NULL, 0);
INSERT INTO `Main_HomePage_Versions` VALUES (29, 1, 33, NULL, NULL, NULL, 0, NULL, 0, 'test', NULL, NULL, NULL, 0, 0, NULL, NULL, NULL, NULL, NULL, NULL, 0);
INSERT INTO `Main_HomePage_Versions` VALUES (30, 1, 34, NULL, NULL, NULL, 0, NULL, 0, 'test', NULL, NULL, NULL, 0, 0, NULL, NULL, NULL, NULL, NULL, NULL, 0);
INSERT INTO `Main_HomePage_Versions` VALUES (31, 1, 35, NULL, NULL, NULL, 0, NULL, 0, NULL, NULL, NULL, NULL, 0, 0, NULL, NULL, NULL, NULL, NULL, NULL, 0);
INSERT INTO `Main_HomePage_Versions` VALUES (32, 1, 36, NULL, NULL, NULL, 0, NULL, 0, NULL, NULL, NULL, NULL, 0, 0, NULL, NULL, NULL, NULL, NULL, NULL, 0);
INSERT INTO `Main_HomePage_Versions` VALUES (33, 1, 37, NULL, NULL, NULL, 0, NULL, 0, 'sadasdhj adsg fhjads', NULL, NULL, NULL, 0, 0, NULL, NULL, NULL, NULL, NULL, NULL, 0);
INSERT INTO `Main_HomePage_Versions` VALUES (34, 1, 38, NULL, NULL, NULL, 0, NULL, 0, 'sadasdhj adsg fhjads', NULL, NULL, NULL, 0, 0, NULL, NULL, NULL, NULL, NULL, NULL, 0);
INSERT INTO `Main_HomePage_Versions` VALUES (35, 1, 39, NULL, NULL, NULL, 0, NULL, 0, NULL, NULL, NULL, NULL, 0, 0, NULL, NULL, NULL, NULL, NULL, NULL, 0);
INSERT INTO `Main_HomePage_Versions` VALUES (36, 1, 40, NULL, NULL, NULL, 0, NULL, 0, NULL, NULL, NULL, NULL, 0, 0, NULL, NULL, NULL, NULL, NULL, NULL, 0);
INSERT INTO `Main_HomePage_Versions` VALUES (37, 1, 41, NULL, NULL, NULL, 0, NULL, 0, 'button label', NULL, NULL, NULL, 0, 0, NULL, NULL, NULL, NULL, NULL, NULL, 0);
INSERT INTO `Main_HomePage_Versions` VALUES (38, 1, 42, NULL, NULL, NULL, 0, NULL, 0, 'button label', NULL, NULL, NULL, 0, 0, NULL, NULL, NULL, NULL, NULL, NULL, 0);
INSERT INTO `Main_HomePage_Versions` VALUES (39, 1, 43, NULL, NULL, NULL, 0, NULL, 0, NULL, NULL, NULL, NULL, 0, 0, NULL, NULL, NULL, NULL, NULL, NULL, 0);
INSERT INTO `Main_HomePage_Versions` VALUES (40, 1, 44, NULL, NULL, NULL, 0, NULL, 0, NULL, NULL, NULL, NULL, 0, 0, NULL, NULL, NULL, NULL, NULL, NULL, 0);
INSERT INTO `Main_HomePage_Versions` VALUES (41, 1, 45, 'sample caption 1', NULL, NULL, 0, NULL, 0, NULL, NULL, NULL, NULL, 0, 0, NULL, NULL, NULL, NULL, NULL, NULL, 0);
INSERT INTO `Main_HomePage_Versions` VALUES (42, 1, 46, 'sample caption 1', NULL, NULL, 0, NULL, 0, NULL, NULL, NULL, NULL, 0, 0, NULL, NULL, NULL, NULL, NULL, NULL, 0);
INSERT INTO `Main_HomePage_Versions` VALUES (43, 1, 47, NULL, NULL, NULL, 0, NULL, 0, NULL, NULL, NULL, NULL, 0, 0, NULL, NULL, NULL, NULL, NULL, NULL, 0);
INSERT INTO `Main_HomePage_Versions` VALUES (44, 1, 48, NULL, NULL, NULL, 0, NULL, 0, NULL, NULL, NULL, NULL, 0, 0, NULL, NULL, NULL, NULL, NULL, NULL, 0);
INSERT INTO `Main_HomePage_Versions` VALUES (45, 1, 49, NULL, 'hajksdfdsafadsfdsa', NULL, 0, NULL, 0, NULL, NULL, NULL, NULL, 0, 0, NULL, NULL, NULL, NULL, NULL, NULL, 0);
INSERT INTO `Main_HomePage_Versions` VALUES (46, 1, 50, NULL, 'hajksdfdsafadsfdsa', NULL, 0, NULL, 0, NULL, NULL, NULL, NULL, 0, 0, NULL, NULL, NULL, NULL, NULL, NULL, 0);
INSERT INTO `Main_HomePage_Versions` VALUES (47, 1, 51, NULL, NULL, NULL, 0, NULL, 0, NULL, NULL, NULL, NULL, 0, 0, NULL, NULL, NULL, NULL, NULL, NULL, 0);
INSERT INTO `Main_HomePage_Versions` VALUES (48, 1, 52, NULL, NULL, NULL, 0, NULL, 0, NULL, NULL, NULL, NULL, 0, 0, NULL, NULL, NULL, NULL, NULL, NULL, 0);
INSERT INTO `Main_HomePage_Versions` VALUES (49, 1, 53, NULL, NULL, NULL, 0, NULL, 0, NULL, NULL, NULL, NULL, 0, 0, 'ghfjdsfdsfds', NULL, NULL, NULL, NULL, NULL, 0);
INSERT INTO `Main_HomePage_Versions` VALUES (50, 1, 54, NULL, NULL, NULL, 0, NULL, 0, NULL, NULL, NULL, NULL, 0, 0, 'ghfjdsfdsfds', NULL, NULL, NULL, NULL, NULL, 0);
INSERT INTO `Main_HomePage_Versions` VALUES (51, 1, 55, NULL, NULL, NULL, 0, NULL, 0, NULL, NULL, NULL, NULL, 0, 0, NULL, NULL, NULL, NULL, NULL, NULL, 0);
INSERT INTO `Main_HomePage_Versions` VALUES (52, 1, 56, NULL, NULL, NULL, 0, NULL, 0, NULL, NULL, NULL, NULL, 0, 0, NULL, NULL, NULL, NULL, NULL, NULL, 0);
INSERT INTO `Main_HomePage_Versions` VALUES (53, 1, 57, NULL, NULL, NULL, 0, NULL, 0, NULL, NULL, NULL, NULL, 0, 0, NULL, 'dgsafadsgfhjahjs', NULL, NULL, NULL, NULL, 0);
INSERT INTO `Main_HomePage_Versions` VALUES (54, 1, 58, NULL, NULL, NULL, 0, NULL, 0, NULL, NULL, NULL, NULL, 0, 0, NULL, 'dgsafadsgfhjahjs', NULL, NULL, NULL, NULL, 0);
INSERT INTO `Main_HomePage_Versions` VALUES (55, 1, 59, NULL, NULL, NULL, 0, NULL, 0, NULL, NULL, NULL, NULL, 0, 0, NULL, NULL, NULL, NULL, NULL, NULL, 0);
INSERT INTO `Main_HomePage_Versions` VALUES (56, 1, 60, NULL, NULL, NULL, 0, NULL, 0, NULL, NULL, NULL, NULL, 0, 0, NULL, NULL, NULL, NULL, NULL, NULL, 0);
INSERT INTO `Main_HomePage_Versions` VALUES (57, 1, 61, NULL, NULL, NULL, 0, NULL, 0, NULL, NULL, NULL, NULL, 0, 6, NULL, NULL, NULL, NULL, NULL, NULL, 0);
INSERT INTO `Main_HomePage_Versions` VALUES (58, 1, 62, NULL, NULL, NULL, 0, NULL, 0, NULL, NULL, NULL, NULL, 0, 6, NULL, NULL, NULL, NULL, NULL, NULL, 0);
INSERT INTO `Main_HomePage_Versions` VALUES (59, 1, 63, NULL, NULL, NULL, 0, NULL, 0, NULL, NULL, NULL, NULL, 0, 0, NULL, NULL, NULL, NULL, NULL, NULL, 0);
INSERT INTO `Main_HomePage_Versions` VALUES (60, 1, 64, NULL, NULL, NULL, 0, NULL, 0, NULL, NULL, NULL, NULL, 0, 0, NULL, NULL, NULL, NULL, NULL, NULL, 0);
INSERT INTO `Main_HomePage_Versions` VALUES (61, 1, 65, NULL, NULL, NULL, 0, NULL, 0, NULL, NULL, NULL, NULL, 0, 0, NULL, NULL, 'asdasdasasdas', NULL, NULL, NULL, 0);
INSERT INTO `Main_HomePage_Versions` VALUES (62, 1, 66, NULL, NULL, NULL, 0, NULL, 0, NULL, NULL, NULL, NULL, 0, 0, NULL, NULL, 'asdasdasasdas', NULL, NULL, NULL, 0);
INSERT INTO `Main_HomePage_Versions` VALUES (63, 1, 67, NULL, NULL, NULL, 0, NULL, 0, NULL, NULL, NULL, NULL, 0, 0, NULL, NULL, NULL, NULL, NULL, NULL, 0);
INSERT INTO `Main_HomePage_Versions` VALUES (64, 1, 68, NULL, NULL, NULL, 0, NULL, 0, NULL, NULL, NULL, NULL, 0, 0, NULL, NULL, NULL, NULL, NULL, NULL, 0);
INSERT INTO `Main_HomePage_Versions` VALUES (65, 1, 69, NULL, NULL, NULL, 0, NULL, 0, NULL, NULL, NULL, NULL, 0, 0, NULL, NULL, NULL, 'kjhfdjkasfjadsfdasfdsafadsfadsfdsa', NULL, NULL, 0);
INSERT INTO `Main_HomePage_Versions` VALUES (66, 1, 70, NULL, NULL, NULL, 0, NULL, 0, NULL, NULL, NULL, NULL, 0, 0, NULL, NULL, NULL, 'kjhfdjkasfjadsfdasfdsafadsfadsfdsa', NULL, NULL, 0);
INSERT INTO `Main_HomePage_Versions` VALUES (67, 1, 71, NULL, NULL, NULL, 0, NULL, 0, NULL, NULL, NULL, NULL, 0, 0, NULL, NULL, NULL, NULL, NULL, NULL, 0);
INSERT INTO `Main_HomePage_Versions` VALUES (68, 1, 72, NULL, NULL, NULL, 0, NULL, 0, NULL, NULL, NULL, NULL, 0, 0, NULL, NULL, NULL, NULL, NULL, NULL, 0);
INSERT INTO `Main_HomePage_Versions` VALUES (69, 1, 73, NULL, NULL, NULL, 0, NULL, 0, NULL, NULL, NULL, NULL, 0, 0, NULL, NULL, NULL, NULL, 'asdasdas', NULL, 0);
INSERT INTO `Main_HomePage_Versions` VALUES (70, 1, 74, NULL, NULL, NULL, 0, NULL, 0, NULL, NULL, NULL, NULL, 0, 0, NULL, NULL, NULL, NULL, 'asdasdas', NULL, 0);
INSERT INTO `Main_HomePage_Versions` VALUES (71, 1, 75, NULL, NULL, NULL, 0, NULL, 0, NULL, NULL, NULL, NULL, 0, 0, NULL, NULL, NULL, NULL, NULL, NULL, 0);
INSERT INTO `Main_HomePage_Versions` VALUES (72, 1, 76, NULL, NULL, NULL, 0, NULL, 0, NULL, NULL, NULL, NULL, 0, 0, NULL, NULL, NULL, NULL, NULL, NULL, 0);
INSERT INTO `Main_HomePage_Versions` VALUES (73, 1, 77, NULL, NULL, NULL, 0, NULL, 0, NULL, NULL, NULL, NULL, 0, 0, NULL, NULL, NULL, NULL, NULL, 'dsfjkdasfdsfads', 0);
INSERT INTO `Main_HomePage_Versions` VALUES (74, 1, 78, NULL, NULL, NULL, 0, NULL, 0, NULL, NULL, NULL, NULL, 0, 0, NULL, NULL, NULL, NULL, NULL, 'dsfjkdasfdsfads', 0);
INSERT INTO `Main_HomePage_Versions` VALUES (75, 1, 79, NULL, NULL, NULL, 0, NULL, 0, NULL, NULL, NULL, NULL, 0, 0, NULL, NULL, NULL, NULL, NULL, NULL, 0);
INSERT INTO `Main_HomePage_Versions` VALUES (76, 1, 80, NULL, NULL, NULL, 0, NULL, 0, NULL, NULL, NULL, NULL, 0, 0, NULL, NULL, NULL, NULL, NULL, NULL, 0);
INSERT INTO `Main_HomePage_Versions` VALUES (77, 1, 81, NULL, NULL, NULL, 0, NULL, 0, NULL, NULL, NULL, NULL, 0, 0, NULL, NULL, NULL, NULL, NULL, NULL, 8);
INSERT INTO `Main_HomePage_Versions` VALUES (78, 1, 82, NULL, NULL, NULL, 0, NULL, 0, NULL, NULL, NULL, NULL, 0, 0, NULL, NULL, NULL, NULL, NULL, NULL, 8);
INSERT INTO `Main_HomePage_Versions` VALUES (79, 1, 83, NULL, NULL, NULL, 0, NULL, 0, NULL, NULL, NULL, NULL, 0, 0, NULL, NULL, NULL, NULL, NULL, NULL, 0);
INSERT INTO `Main_HomePage_Versions` VALUES (80, 1, 84, NULL, NULL, NULL, 0, NULL, 0, NULL, NULL, NULL, NULL, 0, 0, NULL, NULL, NULL, NULL, NULL, NULL, 0);
INSERT INTO `Main_HomePage_Versions` VALUES (81, 1, 85, NULL, NULL, NULL, 0, NULL, 0, NULL, NULL, NULL, NULL, 0, 0, NULL, NULL, NULL, NULL, NULL, NULL, 0);
INSERT INTO `Main_HomePage_Versions` VALUES (82, 1, 86, NULL, NULL, NULL, 0, NULL, 0, NULL, NULL, NULL, NULL, 0, 0, NULL, NULL, NULL, NULL, NULL, NULL, 0);
COMMIT;

-- ----------------------------
-- Table structure for Member
-- ----------------------------
DROP TABLE IF EXISTS `Member`;
CREATE TABLE `Member` (
  `ID` int(11) NOT NULL AUTO_INCREMENT,
  `ClassName` enum('SilverStripe\\Security\\Member') DEFAULT 'SilverStripe\\Security\\Member',
  `LastEdited` datetime DEFAULT NULL,
  `Created` datetime DEFAULT NULL,
  `FirstName` varchar(255) DEFAULT NULL,
  `Surname` varchar(255) DEFAULT NULL,
  `Email` varchar(254) DEFAULT NULL,
  `TempIDHash` varchar(160) DEFAULT NULL,
  `TempIDExpired` datetime DEFAULT NULL,
  `Password` varchar(160) DEFAULT NULL,
  `AutoLoginHash` varchar(160) DEFAULT NULL,
  `AutoLoginExpired` datetime DEFAULT NULL,
  `PasswordEncryption` varchar(50) DEFAULT NULL,
  `Salt` varchar(50) DEFAULT NULL,
  `PasswordExpiry` date DEFAULT NULL,
  `LockedOutUntil` datetime DEFAULT NULL,
  `Locale` varchar(6) DEFAULT NULL,
  `FailedLoginCount` int(11) NOT NULL DEFAULT '0',
  PRIMARY KEY (`ID`),
  KEY `Surname` (`Surname`),
  KEY `FirstName` (`FirstName`),
  KEY `ClassName` (`ClassName`),
  KEY `Email` (`Email`)
) ENGINE=InnoDB AUTO_INCREMENT=2 DEFAULT CHARSET=utf8;

-- ----------------------------
-- Records of Member
-- ----------------------------
BEGIN;
INSERT INTO `Member` VALUES (1, 'SilverStripe\\Security\\Member', '2019-01-04 23:38:14', '2019-01-04 22:31:31', 'Default Admin', NULL, 'admin', 'bd2aa201bd6750627ba9623bce80f5da75c6b9ed', '2019-01-07 23:38:14', '$2y$10$86c71b6172f6c06fb9128uFfEgIS3wjhB8JPNjVmn4TAWVJ86dhiO', NULL, NULL, 'blowfish', '10$86c71b6172f6c06fb91287', NULL, NULL, 'en_US', 0);
COMMIT;

-- ----------------------------
-- Table structure for MemberPassword
-- ----------------------------
DROP TABLE IF EXISTS `MemberPassword`;
CREATE TABLE `MemberPassword` (
  `ID` int(11) NOT NULL AUTO_INCREMENT,
  `ClassName` enum('SilverStripe\\Security\\MemberPassword') DEFAULT 'SilverStripe\\Security\\MemberPassword',
  `LastEdited` datetime DEFAULT NULL,
  `Created` datetime DEFAULT NULL,
  `Password` varchar(160) DEFAULT NULL,
  `Salt` varchar(50) DEFAULT NULL,
  `PasswordEncryption` varchar(50) DEFAULT NULL,
  `MemberID` int(11) NOT NULL DEFAULT '0',
  PRIMARY KEY (`ID`),
  KEY `ClassName` (`ClassName`),
  KEY `MemberID` (`MemberID`)
) ENGINE=InnoDB AUTO_INCREMENT=3 DEFAULT CHARSET=utf8;

-- ----------------------------
-- Records of MemberPassword
-- ----------------------------
BEGIN;
INSERT INTO `MemberPassword` VALUES (1, 'SilverStripe\\Security\\MemberPassword', '2019-01-04 22:31:31', '2019-01-04 22:31:31', NULL, NULL, 'none', 1);
INSERT INTO `MemberPassword` VALUES (2, 'SilverStripe\\Security\\MemberPassword', '2019-01-04 22:31:31', '2019-01-04 22:31:31', '$2y$10$86c71b6172f6c06fb9128uFfEgIS3wjhB8JPNjVmn4TAWVJ86dhiO', '10$86c71b6172f6c06fb91287', 'blowfish', 1);
COMMIT;

-- ----------------------------
-- Table structure for Permission
-- ----------------------------
DROP TABLE IF EXISTS `Permission`;
CREATE TABLE `Permission` (
  `ID` int(11) NOT NULL AUTO_INCREMENT,
  `ClassName` enum('SilverStripe\\Security\\Permission') DEFAULT 'SilverStripe\\Security\\Permission',
  `LastEdited` datetime DEFAULT NULL,
  `Created` datetime DEFAULT NULL,
  `Code` varchar(255) DEFAULT NULL,
  `Arg` int(11) NOT NULL DEFAULT '0',
  `Type` int(11) NOT NULL DEFAULT '1',
  `GroupID` int(11) NOT NULL DEFAULT '0',
  PRIMARY KEY (`ID`),
  KEY `ClassName` (`ClassName`),
  KEY `GroupID` (`GroupID`),
  KEY `Code` (`Code`)
) ENGINE=InnoDB AUTO_INCREMENT=6 DEFAULT CHARSET=utf8;

-- ----------------------------
-- Records of Permission
-- ----------------------------
BEGIN;
INSERT INTO `Permission` VALUES (1, 'SilverStripe\\Security\\Permission', '2019-01-04 22:31:30', '2019-01-04 22:31:30', 'CMS_ACCESS_CMSMain', 0, 1, 1);
INSERT INTO `Permission` VALUES (2, 'SilverStripe\\Security\\Permission', '2019-01-04 22:31:30', '2019-01-04 22:31:30', 'CMS_ACCESS_AssetAdmin', 0, 1, 1);
INSERT INTO `Permission` VALUES (3, 'SilverStripe\\Security\\Permission', '2019-01-04 22:31:30', '2019-01-04 22:31:30', 'CMS_ACCESS_ReportAdmin', 0, 1, 1);
INSERT INTO `Permission` VALUES (4, 'SilverStripe\\Security\\Permission', '2019-01-04 22:31:30', '2019-01-04 22:31:30', 'SITETREE_REORGANISE', 0, 1, 1);
INSERT INTO `Permission` VALUES (5, 'SilverStripe\\Security\\Permission', '2019-01-04 22:31:30', '2019-01-04 22:31:30', 'ADMIN', 0, 1, 2);
COMMIT;

-- ----------------------------
-- Table structure for PermissionRole
-- ----------------------------
DROP TABLE IF EXISTS `PermissionRole`;
CREATE TABLE `PermissionRole` (
  `ID` int(11) NOT NULL AUTO_INCREMENT,
  `ClassName` enum('SilverStripe\\Security\\PermissionRole') DEFAULT 'SilverStripe\\Security\\PermissionRole',
  `LastEdited` datetime DEFAULT NULL,
  `Created` datetime DEFAULT NULL,
  `Title` varchar(255) DEFAULT NULL,
  `OnlyAdminCanApply` tinyint(1) unsigned NOT NULL DEFAULT '0',
  PRIMARY KEY (`ID`),
  KEY `Title` (`Title`),
  KEY `ClassName` (`ClassName`)
) ENGINE=InnoDB DEFAULT CHARSET=utf8;

-- ----------------------------
-- Table structure for PermissionRoleCode
-- ----------------------------
DROP TABLE IF EXISTS `PermissionRoleCode`;
CREATE TABLE `PermissionRoleCode` (
  `ID` int(11) NOT NULL AUTO_INCREMENT,
  `ClassName` enum('SilverStripe\\Security\\PermissionRoleCode') DEFAULT 'SilverStripe\\Security\\PermissionRoleCode',
  `LastEdited` datetime DEFAULT NULL,
  `Created` datetime DEFAULT NULL,
  `Code` varchar(255) DEFAULT NULL,
  `RoleID` int(11) NOT NULL DEFAULT '0',
  PRIMARY KEY (`ID`),
  KEY `ClassName` (`ClassName`),
  KEY `RoleID` (`RoleID`)
) ENGINE=InnoDB DEFAULT CHARSET=utf8;

-- ----------------------------
-- Table structure for RedirectorPage
-- ----------------------------
DROP TABLE IF EXISTS `RedirectorPage`;
CREATE TABLE `RedirectorPage` (
  `ID` int(11) NOT NULL AUTO_INCREMENT,
  `RedirectionType` enum('Internal','External') DEFAULT 'Internal',
  `ExternalURL` varchar(2083) DEFAULT NULL,
  `LinkToID` int(11) NOT NULL DEFAULT '0',
  PRIMARY KEY (`ID`),
  KEY `LinkToID` (`LinkToID`)
) ENGINE=InnoDB DEFAULT CHARSET=utf8;

-- ----------------------------
-- Table structure for RedirectorPage_Live
-- ----------------------------
DROP TABLE IF EXISTS `RedirectorPage_Live`;
CREATE TABLE `RedirectorPage_Live` (
  `ID` int(11) NOT NULL AUTO_INCREMENT,
  `RedirectionType` enum('Internal','External') DEFAULT 'Internal',
  `ExternalURL` varchar(2083) DEFAULT NULL,
  `LinkToID` int(11) NOT NULL DEFAULT '0',
  PRIMARY KEY (`ID`),
  KEY `LinkToID` (`LinkToID`)
) ENGINE=InnoDB DEFAULT CHARSET=utf8;

-- ----------------------------
-- Table structure for RedirectorPage_Versions
-- ----------------------------
DROP TABLE IF EXISTS `RedirectorPage_Versions`;
CREATE TABLE `RedirectorPage_Versions` (
  `ID` int(11) NOT NULL AUTO_INCREMENT,
  `RecordID` int(11) NOT NULL DEFAULT '0',
  `Version` int(11) NOT NULL DEFAULT '0',
  `RedirectionType` enum('Internal','External') DEFAULT 'Internal',
  `ExternalURL` varchar(2083) DEFAULT NULL,
  `LinkToID` int(11) NOT NULL DEFAULT '0',
  PRIMARY KEY (`ID`),
  UNIQUE KEY `RecordID_Version` (`RecordID`,`Version`),
  KEY `RecordID` (`RecordID`),
  KEY `Version` (`Version`),
  KEY `LinkToID` (`LinkToID`)
) ENGINE=InnoDB DEFAULT CHARSET=utf8;

-- ----------------------------
-- Table structure for RememberLoginHash
-- ----------------------------
DROP TABLE IF EXISTS `RememberLoginHash`;
CREATE TABLE `RememberLoginHash` (
  `ID` int(11) NOT NULL AUTO_INCREMENT,
  `ClassName` enum('SilverStripe\\Security\\RememberLoginHash') DEFAULT 'SilverStripe\\Security\\RememberLoginHash',
  `LastEdited` datetime DEFAULT NULL,
  `Created` datetime DEFAULT NULL,
  `DeviceID` varchar(40) DEFAULT NULL,
  `Hash` varchar(160) DEFAULT NULL,
  `ExpiryDate` datetime DEFAULT NULL,
  `MemberID` int(11) NOT NULL DEFAULT '0',
  PRIMARY KEY (`ID`),
  KEY `ClassName` (`ClassName`),
  KEY `MemberID` (`MemberID`),
  KEY `DeviceID` (`DeviceID`),
  KEY `Hash` (`Hash`)
) ENGINE=InnoDB DEFAULT CHARSET=utf8;

-- ----------------------------
-- Table structure for SiteConfig
-- ----------------------------
DROP TABLE IF EXISTS `SiteConfig`;
CREATE TABLE `SiteConfig` (
  `ID` int(11) NOT NULL AUTO_INCREMENT,
  `ClassName` enum('SilverStripe\\SiteConfig\\SiteConfig') DEFAULT 'SilverStripe\\SiteConfig\\SiteConfig',
  `LastEdited` datetime DEFAULT NULL,
  `Created` datetime DEFAULT NULL,
  `Title` varchar(255) DEFAULT NULL,
  `Tagline` varchar(255) DEFAULT NULL,
  `CanViewType` enum('Anyone','LoggedInUsers','OnlyTheseUsers') DEFAULT 'Anyone',
  `CanEditType` enum('LoggedInUsers','OnlyTheseUsers') DEFAULT 'LoggedInUsers',
  `CanCreateTopLevelType` enum('LoggedInUsers','OnlyTheseUsers') DEFAULT 'LoggedInUsers',
  PRIMARY KEY (`ID`),
  KEY `ClassName` (`ClassName`)
) ENGINE=InnoDB AUTO_INCREMENT=2 DEFAULT CHARSET=utf8;

-- ----------------------------
-- Records of SiteConfig
-- ----------------------------
BEGIN;
INSERT INTO `SiteConfig` VALUES (1, 'SilverStripe\\SiteConfig\\SiteConfig', '2019-01-04 22:31:58', '2019-01-04 22:31:30', 'Pulse', 'your tagline here', 'Anyone', 'LoggedInUsers', 'LoggedInUsers');
COMMIT;

-- ----------------------------
-- Table structure for SiteConfig_CreateTopLevelGroups
-- ----------------------------
DROP TABLE IF EXISTS `SiteConfig_CreateTopLevelGroups`;
CREATE TABLE `SiteConfig_CreateTopLevelGroups` (
  `ID` int(11) NOT NULL AUTO_INCREMENT,
  `SiteConfigID` int(11) NOT NULL DEFAULT '0',
  `GroupID` int(11) NOT NULL DEFAULT '0',
  PRIMARY KEY (`ID`),
  KEY `SiteConfigID` (`SiteConfigID`),
  KEY `GroupID` (`GroupID`)
) ENGINE=InnoDB DEFAULT CHARSET=utf8;

-- ----------------------------
-- Table structure for SiteConfig_EditorGroups
-- ----------------------------
DROP TABLE IF EXISTS `SiteConfig_EditorGroups`;
CREATE TABLE `SiteConfig_EditorGroups` (
  `ID` int(11) NOT NULL AUTO_INCREMENT,
  `SiteConfigID` int(11) NOT NULL DEFAULT '0',
  `GroupID` int(11) NOT NULL DEFAULT '0',
  PRIMARY KEY (`ID`),
  KEY `SiteConfigID` (`SiteConfigID`),
  KEY `GroupID` (`GroupID`)
) ENGINE=InnoDB DEFAULT CHARSET=utf8;

-- ----------------------------
-- Table structure for SiteConfig_ViewerGroups
-- ----------------------------
DROP TABLE IF EXISTS `SiteConfig_ViewerGroups`;
CREATE TABLE `SiteConfig_ViewerGroups` (
  `ID` int(11) NOT NULL AUTO_INCREMENT,
  `SiteConfigID` int(11) NOT NULL DEFAULT '0',
  `GroupID` int(11) NOT NULL DEFAULT '0',
  PRIMARY KEY (`ID`),
  KEY `SiteConfigID` (`SiteConfigID`),
  KEY `GroupID` (`GroupID`)
) ENGINE=InnoDB DEFAULT CHARSET=utf8;

-- ----------------------------
-- Table structure for SiteTree
-- ----------------------------
DROP TABLE IF EXISTS `SiteTree`;
CREATE TABLE `SiteTree` (
  `ID` int(11) NOT NULL AUTO_INCREMENT,
  `ClassName` enum('SilverStripe\\CMS\\Model\\SiteTree','Page','Main\\HomePage','SilverStripe\\ErrorPage\\ErrorPage','SilverStripe\\CMS\\Model\\RedirectorPage','SilverStripe\\CMS\\Model\\VirtualPage') DEFAULT 'Page',
  `LastEdited` datetime DEFAULT NULL,
  `Created` datetime DEFAULT NULL,
  `CanViewType` enum('Anyone','LoggedInUsers','OnlyTheseUsers','Inherit') DEFAULT 'Inherit',
  `CanEditType` enum('LoggedInUsers','OnlyTheseUsers','Inherit') DEFAULT 'Inherit',
  `Version` int(11) NOT NULL DEFAULT '0',
  `URLSegment` varchar(255) DEFAULT NULL,
  `Title` varchar(255) DEFAULT NULL,
  `MenuTitle` varchar(100) DEFAULT NULL,
  `Content` mediumtext,
  `MetaDescription` mediumtext,
  `ExtraMeta` mediumtext,
  `ShowInMenus` tinyint(1) unsigned NOT NULL DEFAULT '0',
  `ShowInSearch` tinyint(1) unsigned NOT NULL DEFAULT '0',
  `Sort` int(11) NOT NULL DEFAULT '0',
  `HasBrokenFile` tinyint(1) unsigned NOT NULL DEFAULT '0',
  `HasBrokenLink` tinyint(1) unsigned NOT NULL DEFAULT '0',
  `ReportClass` varchar(255) DEFAULT NULL,
  `ParentID` int(11) NOT NULL DEFAULT '0',
  PRIMARY KEY (`ID`),
  KEY `Sort` (`Sort`),
  KEY `ClassName` (`ClassName`),
  KEY `ParentID` (`ParentID`),
  KEY `URLSegment` (`URLSegment`)
) ENGINE=InnoDB AUTO_INCREMENT=6 DEFAULT CHARSET=utf8;

-- ----------------------------
-- Records of SiteTree
-- ----------------------------
BEGIN;
INSERT INTO `SiteTree` VALUES (1, 'Main\\HomePage', '2019-01-05 05:15:26', '2019-01-04 22:31:30', 'Inherit', 'Inherit', 86, 'home', 'Home', NULL, NULL, NULL, NULL, 1, 1, 1, 0, 0, NULL, 0);
INSERT INTO `SiteTree` VALUES (2, 'Page', '2019-01-04 22:31:30', '2019-01-04 22:31:30', 'Inherit', 'Inherit', 2, 'about-us', 'About Us', NULL, '<p>You can fill this page out with your own content, or delete it and create your own pages.</p>', NULL, NULL, 1, 1, 2, 0, 0, NULL, 0);
INSERT INTO `SiteTree` VALUES (3, 'Page', '2019-01-04 22:31:30', '2019-01-04 22:31:30', 'Inherit', 'Inherit', 2, 'contact-us', 'Contact Us', NULL, '<p>You can fill this page out with your own content, or delete it and create your own pages.</p>', NULL, NULL, 1, 1, 3, 0, 0, NULL, 0);
INSERT INTO `SiteTree` VALUES (4, 'SilverStripe\\ErrorPage\\ErrorPage', '2019-01-04 22:31:30', '2019-01-04 22:31:30', 'Inherit', 'Inherit', 2, 'page-not-found', 'Page not found', NULL, '<p>Sorry, it seems you were trying to access a page that doesn\'t exist.</p><p>Please check the spelling of the URL you were trying to access and try again.</p>', NULL, NULL, 0, 0, 4, 0, 0, NULL, 0);
INSERT INTO `SiteTree` VALUES (5, 'SilverStripe\\ErrorPage\\ErrorPage', '2019-01-04 22:31:30', '2019-01-04 22:31:30', 'Inherit', 'Inherit', 2, 'server-error', 'Server error', NULL, '<p>Sorry, there was a problem with handling your request.</p>', NULL, NULL, 0, 0, 5, 0, 0, NULL, 0);
COMMIT;

-- ----------------------------
-- Table structure for SiteTreeLink
-- ----------------------------
DROP TABLE IF EXISTS `SiteTreeLink`;
CREATE TABLE `SiteTreeLink` (
  `ID` int(11) NOT NULL AUTO_INCREMENT,
  `ClassName` enum('SilverStripe\\CMS\\Model\\SiteTreeLink') DEFAULT 'SilverStripe\\CMS\\Model\\SiteTreeLink',
  `LastEdited` datetime DEFAULT NULL,
  `Created` datetime DEFAULT NULL,
  `LinkedID` int(11) NOT NULL DEFAULT '0',
  `ParentID` int(11) NOT NULL DEFAULT '0',
  `ParentClass` enum('SilverStripe\\Assets\\File','SilverStripe\\SiteConfig\\SiteConfig','SilverStripe\\Versioned\\ChangeSet','SilverStripe\\Versioned\\ChangeSetItem','SilverStripe\\Assets\\Shortcodes\\FileLink','SilverStripe\\CMS\\Model\\SiteTree','SilverStripe\\CMS\\Model\\SiteTreeLink','SilverStripe\\Security\\Group','SilverStripe\\Security\\LoginAttempt','SilverStripe\\Security\\Member','SilverStripe\\Security\\MemberPassword','SilverStripe\\Security\\Permission','SilverStripe\\Security\\PermissionRole','SilverStripe\\Security\\PermissionRoleCode','SilverStripe\\Security\\RememberLoginHash','SilverStripe\\Assets\\Folder','SilverStripe\\Assets\\Image','Page','Main\\HomePage','SilverStripe\\ErrorPage\\ErrorPage','SilverStripe\\CMS\\Model\\RedirectorPage','SilverStripe\\CMS\\Model\\VirtualPage') DEFAULT 'SilverStripe\\Assets\\File',
  PRIMARY KEY (`ID`),
  KEY `ClassName` (`ClassName`),
  KEY `LinkedID` (`LinkedID`),
  KEY `Parent` (`ParentID`,`ParentClass`)
) ENGINE=InnoDB DEFAULT CHARSET=utf8;

-- ----------------------------
-- Table structure for SiteTree_EditorGroups
-- ----------------------------
DROP TABLE IF EXISTS `SiteTree_EditorGroups`;
CREATE TABLE `SiteTree_EditorGroups` (
  `ID` int(11) NOT NULL AUTO_INCREMENT,
  `SiteTreeID` int(11) NOT NULL DEFAULT '0',
  `GroupID` int(11) NOT NULL DEFAULT '0',
  PRIMARY KEY (`ID`),
  KEY `SiteTreeID` (`SiteTreeID`),
  KEY `GroupID` (`GroupID`)
) ENGINE=InnoDB DEFAULT CHARSET=utf8;

-- ----------------------------
-- Table structure for SiteTree_Live
-- ----------------------------
DROP TABLE IF EXISTS `SiteTree_Live`;
CREATE TABLE `SiteTree_Live` (
  `ID` int(11) NOT NULL AUTO_INCREMENT,
  `ClassName` enum('SilverStripe\\CMS\\Model\\SiteTree','Page','Main\\HomePage','SilverStripe\\ErrorPage\\ErrorPage','SilverStripe\\CMS\\Model\\RedirectorPage','SilverStripe\\CMS\\Model\\VirtualPage') DEFAULT 'Page',
  `LastEdited` datetime DEFAULT NULL,
  `Created` datetime DEFAULT NULL,
  `CanViewType` enum('Anyone','LoggedInUsers','OnlyTheseUsers','Inherit') DEFAULT 'Inherit',
  `CanEditType` enum('LoggedInUsers','OnlyTheseUsers','Inherit') DEFAULT 'Inherit',
  `Version` int(11) NOT NULL DEFAULT '0',
  `URLSegment` varchar(255) DEFAULT NULL,
  `Title` varchar(255) DEFAULT NULL,
  `MenuTitle` varchar(100) DEFAULT NULL,
  `Content` mediumtext,
  `MetaDescription` mediumtext,
  `ExtraMeta` mediumtext,
  `ShowInMenus` tinyint(1) unsigned NOT NULL DEFAULT '0',
  `ShowInSearch` tinyint(1) unsigned NOT NULL DEFAULT '0',
  `Sort` int(11) NOT NULL DEFAULT '0',
  `HasBrokenFile` tinyint(1) unsigned NOT NULL DEFAULT '0',
  `HasBrokenLink` tinyint(1) unsigned NOT NULL DEFAULT '0',
  `ReportClass` varchar(255) DEFAULT NULL,
  `ParentID` int(11) NOT NULL DEFAULT '0',
  PRIMARY KEY (`ID`),
  KEY `Sort` (`Sort`),
  KEY `ClassName` (`ClassName`),
  KEY `ParentID` (`ParentID`),
  KEY `URLSegment` (`URLSegment`)
) ENGINE=InnoDB AUTO_INCREMENT=6 DEFAULT CHARSET=utf8;

-- ----------------------------
-- Records of SiteTree_Live
-- ----------------------------
BEGIN;
INSERT INTO `SiteTree_Live` VALUES (1, 'Main\\HomePage', '2019-01-05 05:15:26', '2019-01-04 22:31:30', 'Inherit', 'Inherit', 86, 'home', 'Home', NULL, NULL, NULL, NULL, 1, 1, 1, 0, 0, NULL, 0);
INSERT INTO `SiteTree_Live` VALUES (2, 'Page', '2019-01-04 22:31:30', '2019-01-04 22:31:30', 'Inherit', 'Inherit', 2, 'about-us', 'About Us', NULL, '<p>You can fill this page out with your own content, or delete it and create your own pages.</p>', NULL, NULL, 1, 1, 2, 0, 0, NULL, 0);
INSERT INTO `SiteTree_Live` VALUES (3, 'Page', '2019-01-04 22:31:30', '2019-01-04 22:31:30', 'Inherit', 'Inherit', 2, 'contact-us', 'Contact Us', NULL, '<p>You can fill this page out with your own content, or delete it and create your own pages.</p>', NULL, NULL, 1, 1, 3, 0, 0, NULL, 0);
INSERT INTO `SiteTree_Live` VALUES (4, 'SilverStripe\\ErrorPage\\ErrorPage', '2019-01-04 22:31:30', '2019-01-04 22:31:30', 'Inherit', 'Inherit', 2, 'page-not-found', 'Page not found', NULL, '<p>Sorry, it seems you were trying to access a page that doesn\'t exist.</p><p>Please check the spelling of the URL you were trying to access and try again.</p>', NULL, NULL, 0, 0, 4, 0, 0, NULL, 0);
INSERT INTO `SiteTree_Live` VALUES (5, 'SilverStripe\\ErrorPage\\ErrorPage', '2019-01-04 22:31:30', '2019-01-04 22:31:30', 'Inherit', 'Inherit', 2, 'server-error', 'Server error', NULL, '<p>Sorry, there was a problem with handling your request.</p>', NULL, NULL, 0, 0, 5, 0, 0, NULL, 0);
COMMIT;

-- ----------------------------
-- Table structure for SiteTree_Versions
-- ----------------------------
DROP TABLE IF EXISTS `SiteTree_Versions`;
CREATE TABLE `SiteTree_Versions` (
  `ID` int(11) NOT NULL AUTO_INCREMENT,
  `RecordID` int(11) NOT NULL DEFAULT '0',
  `Version` int(11) NOT NULL DEFAULT '0',
  `WasPublished` tinyint(1) unsigned NOT NULL DEFAULT '0',
  `WasDeleted` tinyint(1) unsigned NOT NULL DEFAULT '0',
  `WasDraft` tinyint(1) unsigned NOT NULL DEFAULT '0',
  `AuthorID` int(11) NOT NULL DEFAULT '0',
  `PublisherID` int(11) NOT NULL DEFAULT '0',
  `ClassName` enum('SilverStripe\\CMS\\Model\\SiteTree','Page','Main\\HomePage','SilverStripe\\ErrorPage\\ErrorPage','SilverStripe\\CMS\\Model\\RedirectorPage','SilverStripe\\CMS\\Model\\VirtualPage') DEFAULT 'Page',
  `LastEdited` datetime DEFAULT NULL,
  `Created` datetime DEFAULT NULL,
  `CanViewType` enum('Anyone','LoggedInUsers','OnlyTheseUsers','Inherit') DEFAULT 'Inherit',
  `CanEditType` enum('LoggedInUsers','OnlyTheseUsers','Inherit') DEFAULT 'Inherit',
  `URLSegment` varchar(255) DEFAULT NULL,
  `Title` varchar(255) DEFAULT NULL,
  `MenuTitle` varchar(100) DEFAULT NULL,
  `Content` mediumtext,
  `MetaDescription` mediumtext,
  `ExtraMeta` mediumtext,
  `ShowInMenus` tinyint(1) unsigned NOT NULL DEFAULT '0',
  `ShowInSearch` tinyint(1) unsigned NOT NULL DEFAULT '0',
  `Sort` int(11) NOT NULL DEFAULT '0',
  `HasBrokenFile` tinyint(1) unsigned NOT NULL DEFAULT '0',
  `HasBrokenLink` tinyint(1) unsigned NOT NULL DEFAULT '0',
  `ReportClass` varchar(255) DEFAULT NULL,
  `ParentID` int(11) NOT NULL DEFAULT '0',
  PRIMARY KEY (`ID`),
  KEY `RecordID_Version` (`RecordID`,`Version`),
  KEY `RecordID` (`RecordID`),
  KEY `Version` (`Version`),
  KEY `AuthorID` (`AuthorID`),
  KEY `PublisherID` (`PublisherID`),
  KEY `Sort` (`Sort`),
  KEY `ClassName` (`ClassName`),
  KEY `ParentID` (`ParentID`),
  KEY `URLSegment` (`URLSegment`)
) ENGINE=InnoDB AUTO_INCREMENT=95 DEFAULT CHARSET=utf8;

-- ----------------------------
-- Records of SiteTree_Versions
-- ----------------------------
BEGIN;
INSERT INTO `SiteTree_Versions` VALUES (1, 1, 1, 0, 0, 1, 0, 0, 'Page', '2019-01-04 22:31:30', '2019-01-04 22:31:30', 'Inherit', 'Inherit', 'home', 'Home', NULL, '<p>Welcome to SilverStripe! This is the default homepage. You can edit this page by opening <a href=\"admin/\">the CMS</a>.</p><p>You can now access the <a href=\"http://docs.silverstripe.org\">developer documentation</a>, or begin the <a href=\"http://www.silverstripe.org/learn/lessons\">SilverStripe lessons</a>.</p>', NULL, NULL, 1, 1, 1, 0, 0, NULL, 0);
INSERT INTO `SiteTree_Versions` VALUES (2, 1, 2, 1, 0, 1, 0, 0, 'Page', '2019-01-04 22:31:30', '2019-01-04 22:31:30', 'Inherit', 'Inherit', 'home', 'Home', NULL, '<p>Welcome to SilverStripe! This is the default homepage. You can edit this page by opening <a href=\"admin/\">the CMS</a>.</p><p>You can now access the <a href=\"http://docs.silverstripe.org\">developer documentation</a>, or begin the <a href=\"http://www.silverstripe.org/learn/lessons\">SilverStripe lessons</a>.</p>', NULL, NULL, 1, 1, 1, 0, 0, NULL, 0);
INSERT INTO `SiteTree_Versions` VALUES (3, 2, 1, 0, 0, 1, 0, 0, 'Page', '2019-01-04 22:31:30', '2019-01-04 22:31:30', 'Inherit', 'Inherit', 'about-us', 'About Us', NULL, '<p>You can fill this page out with your own content, or delete it and create your own pages.</p>', NULL, NULL, 1, 1, 2, 0, 0, NULL, 0);
INSERT INTO `SiteTree_Versions` VALUES (4, 2, 2, 1, 0, 1, 0, 0, 'Page', '2019-01-04 22:31:30', '2019-01-04 22:31:30', 'Inherit', 'Inherit', 'about-us', 'About Us', NULL, '<p>You can fill this page out with your own content, or delete it and create your own pages.</p>', NULL, NULL, 1, 1, 2, 0, 0, NULL, 0);
INSERT INTO `SiteTree_Versions` VALUES (5, 3, 1, 0, 0, 1, 0, 0, 'Page', '2019-01-04 22:31:30', '2019-01-04 22:31:30', 'Inherit', 'Inherit', 'contact-us', 'Contact Us', NULL, '<p>You can fill this page out with your own content, or delete it and create your own pages.</p>', NULL, NULL, 1, 1, 3, 0, 0, NULL, 0);
INSERT INTO `SiteTree_Versions` VALUES (6, 3, 2, 1, 0, 1, 0, 0, 'Page', '2019-01-04 22:31:30', '2019-01-04 22:31:30', 'Inherit', 'Inherit', 'contact-us', 'Contact Us', NULL, '<p>You can fill this page out with your own content, or delete it and create your own pages.</p>', NULL, NULL, 1, 1, 3, 0, 0, NULL, 0);
INSERT INTO `SiteTree_Versions` VALUES (7, 4, 1, 0, 0, 1, 0, 0, 'SilverStripe\\ErrorPage\\ErrorPage', '2019-01-04 22:31:30', '2019-01-04 22:31:30', 'Inherit', 'Inherit', 'page-not-found', 'Page not found', NULL, '<p>Sorry, it seems you were trying to access a page that doesn\'t exist.</p><p>Please check the spelling of the URL you were trying to access and try again.</p>', NULL, NULL, 0, 0, 4, 0, 0, NULL, 0);
INSERT INTO `SiteTree_Versions` VALUES (8, 4, 2, 1, 0, 1, 0, 0, 'SilverStripe\\ErrorPage\\ErrorPage', '2019-01-04 22:31:30', '2019-01-04 22:31:30', 'Inherit', 'Inherit', 'page-not-found', 'Page not found', NULL, '<p>Sorry, it seems you were trying to access a page that doesn\'t exist.</p><p>Please check the spelling of the URL you were trying to access and try again.</p>', NULL, NULL, 0, 0, 4, 0, 0, NULL, 0);
INSERT INTO `SiteTree_Versions` VALUES (9, 5, 1, 0, 0, 1, 0, 0, 'SilverStripe\\ErrorPage\\ErrorPage', '2019-01-04 22:31:30', '2019-01-04 22:31:30', 'Inherit', 'Inherit', 'server-error', 'Server error', NULL, '<p>Sorry, there was a problem with handling your request.</p>', NULL, NULL, 0, 0, 5, 0, 0, NULL, 0);
INSERT INTO `SiteTree_Versions` VALUES (10, 5, 2, 1, 0, 1, 0, 0, 'SilverStripe\\ErrorPage\\ErrorPage', '2019-01-04 22:31:30', '2019-01-04 22:31:30', 'Inherit', 'Inherit', 'server-error', 'Server error', NULL, '<p>Sorry, there was a problem with handling your request.</p>', NULL, NULL, 0, 0, 5, 0, 0, NULL, 0);
INSERT INTO `SiteTree_Versions` VALUES (11, 1, 3, 0, 0, 1, 1, 0, 'Main\\HomePage', '2019-01-04 23:10:27', '2019-01-04 22:31:30', 'Inherit', 'Inherit', 'home', 'Home', NULL, '<p>Welcome to SilverStripe! This is the default homepage. You can edit this page by opening <a href=\"admin/\">the CMS</a>.</p><p>You can now access the <a href=\"http://docs.silverstripe.org\">developer documentation</a>, or begin the <a href=\"http://www.silverstripe.org/learn/lessons\">SilverStripe lessons</a>.</p>', NULL, NULL, 1, 1, 1, 0, 0, NULL, 0);
INSERT INTO `SiteTree_Versions` VALUES (12, 1, 4, 1, 0, 1, 1, 1, 'Main\\HomePage', '2019-01-04 23:10:27', '2019-01-04 22:31:30', 'Inherit', 'Inherit', 'home', 'Home', NULL, '<p>Welcome to SilverStripe! This is the default homepage. You can edit this page by opening <a href=\"admin/\">the CMS</a>.</p><p>You can now access the <a href=\"http://docs.silverstripe.org\">developer documentation</a>, or begin the <a href=\"http://www.silverstripe.org/learn/lessons\">SilverStripe lessons</a>.</p>', NULL, NULL, 1, 1, 1, 0, 0, NULL, 0);
INSERT INTO `SiteTree_Versions` VALUES (13, 1, 5, 0, 0, 1, 1, 0, 'Main\\HomePage', '2019-01-04 23:57:34', '2019-01-04 22:31:30', 'Inherit', 'Inherit', 'home', 'Home', NULL, '<p>Welcome to SilverStripe! This is the default homepage. You can edit this page by opening <a href=\"admin/\">the CMS</a>.</p><p>You can now access the <a href=\"http://docs.silverstripe.org\">developer documentation</a>, or begin the <a href=\"http://www.silverstripe.org/learn/lessons\">SilverStripe lessons</a>.</p>', NULL, NULL, 1, 1, 1, 0, 0, NULL, 0);
INSERT INTO `SiteTree_Versions` VALUES (14, 1, 6, 1, 0, 1, 1, 1, 'Main\\HomePage', '2019-01-04 23:57:35', '2019-01-04 22:31:30', 'Inherit', 'Inherit', 'home', 'Home', NULL, '<p>Welcome to SilverStripe! This is the default homepage. You can edit this page by opening <a href=\"admin/\">the CMS</a>.</p><p>You can now access the <a href=\"http://docs.silverstripe.org\">developer documentation</a>, or begin the <a href=\"http://www.silverstripe.org/learn/lessons\">SilverStripe lessons</a>.</p>', NULL, NULL, 1, 1, 1, 0, 0, NULL, 0);
INSERT INTO `SiteTree_Versions` VALUES (15, 1, 7, 0, 0, 1, 1, 0, 'Main\\HomePage', '2019-01-05 00:07:21', '2019-01-04 22:31:30', 'Inherit', 'Inherit', 'home', 'Home', NULL, '<p>Welcome to SilverStripe! This is the default homepage. You can edit this page by opening <a href=\"admin/\">the CMS</a>.</p><p>You can now access the <a href=\"http://docs.silverstripe.org\">developer documentation</a>, or begin the <a href=\"http://www.silverstripe.org/learn/lessons\">SilverStripe lessons</a>.</p>', NULL, NULL, 1, 1, 1, 0, 0, NULL, 0);
INSERT INTO `SiteTree_Versions` VALUES (16, 1, 8, 1, 0, 1, 1, 1, 'Main\\HomePage', '2019-01-05 00:07:22', '2019-01-04 22:31:30', 'Inherit', 'Inherit', 'home', 'Home', NULL, '<p>Welcome to SilverStripe! This is the default homepage. You can edit this page by opening <a href=\"admin/\">the CMS</a>.</p><p>You can now access the <a href=\"http://docs.silverstripe.org\">developer documentation</a>, or begin the <a href=\"http://www.silverstripe.org/learn/lessons\">SilverStripe lessons</a>.</p>', NULL, NULL, 1, 1, 1, 0, 0, NULL, 0);
INSERT INTO `SiteTree_Versions` VALUES (17, 1, 9, 0, 0, 1, 1, 0, 'Main\\HomePage', '2019-01-05 00:09:29', '2019-01-04 22:31:30', 'Inherit', 'Inherit', 'home', 'Home', NULL, '<p>Welcome to SilverStripe! This is the default homepage. You can edit this page by opening <a href=\"admin/\">the CMS</a>.</p><p>You can now access the <a href=\"http://docs.silverstripe.org\">developer documentation</a>, or begin the <a href=\"http://www.silverstripe.org/learn/lessons\">SilverStripe lessons</a>.</p>', NULL, NULL, 1, 1, 1, 0, 0, NULL, 0);
INSERT INTO `SiteTree_Versions` VALUES (18, 1, 10, 1, 0, 1, 1, 1, 'Main\\HomePage', '2019-01-05 00:09:29', '2019-01-04 22:31:30', 'Inherit', 'Inherit', 'home', 'Home', NULL, '<p>Welcome to SilverStripe! This is the default homepage. You can edit this page by opening <a href=\"admin/\">the CMS</a>.</p><p>You can now access the <a href=\"http://docs.silverstripe.org\">developer documentation</a>, or begin the <a href=\"http://www.silverstripe.org/learn/lessons\">SilverStripe lessons</a>.</p>', NULL, NULL, 1, 1, 1, 0, 0, NULL, 0);
INSERT INTO `SiteTree_Versions` VALUES (19, 1, 11, 0, 0, 1, 1, 0, 'Main\\HomePage', '2019-01-05 00:09:43', '2019-01-04 22:31:30', 'Inherit', 'Inherit', 'home', 'Home', NULL, '<p>Welcome to SilverStripe! This is the default homepage. You can edit this page by opening <a href=\"admin/\">the CMS</a>.</p><p>You can now access the <a href=\"http://docs.silverstripe.org\">developer documentation</a>, or begin the <a href=\"http://www.silverstripe.org/learn/lessons\">SilverStripe lessons</a>.</p>', NULL, NULL, 1, 1, 1, 0, 0, NULL, 0);
INSERT INTO `SiteTree_Versions` VALUES (20, 1, 12, 1, 0, 1, 1, 1, 'Main\\HomePage', '2019-01-05 00:09:43', '2019-01-04 22:31:30', 'Inherit', 'Inherit', 'home', 'Home', NULL, '<p>Welcome to SilverStripe! This is the default homepage. You can edit this page by opening <a href=\"admin/\">the CMS</a>.</p><p>You can now access the <a href=\"http://docs.silverstripe.org\">developer documentation</a>, or begin the <a href=\"http://www.silverstripe.org/learn/lessons\">SilverStripe lessons</a>.</p>', NULL, NULL, 1, 1, 1, 0, 0, NULL, 0);
INSERT INTO `SiteTree_Versions` VALUES (21, 1, 13, 0, 0, 1, 1, 0, 'Main\\HomePage', '2019-01-05 00:09:56', '2019-01-04 22:31:30', 'Inherit', 'Inherit', 'home', 'Home', NULL, '<p>Welcome to SilverStripe! This is the default homepage. You can edit this page by opening <a href=\"admin/\">the CMS</a>.</p><p>You can now access the <a href=\"http://docs.silverstripe.org\">developer documentation</a>, or begin the <a href=\"http://www.silverstripe.org/learn/lessons\">SilverStripe lessons</a>.</p>', NULL, NULL, 1, 1, 1, 0, 0, NULL, 0);
INSERT INTO `SiteTree_Versions` VALUES (22, 1, 14, 1, 0, 1, 1, 1, 'Main\\HomePage', '2019-01-05 00:09:56', '2019-01-04 22:31:30', 'Inherit', 'Inherit', 'home', 'Home', NULL, '<p>Welcome to SilverStripe! This is the default homepage. You can edit this page by opening <a href=\"admin/\">the CMS</a>.</p><p>You can now access the <a href=\"http://docs.silverstripe.org\">developer documentation</a>, or begin the <a href=\"http://www.silverstripe.org/learn/lessons\">SilverStripe lessons</a>.</p>', NULL, NULL, 1, 1, 1, 0, 0, NULL, 0);
INSERT INTO `SiteTree_Versions` VALUES (23, 1, 15, 0, 0, 1, 1, 0, 'Main\\HomePage', '2019-01-05 00:11:08', '2019-01-04 22:31:30', 'Inherit', 'Inherit', 'home', 'Home', NULL, '<p>Welcome to SilverStripe! This is the default homepage. You can edit this page by opening <a href=\"admin/\">the CMS</a>.</p><p>You can now access the <a href=\"http://docs.silverstripe.org\">developer documentation</a>, or begin the <a href=\"http://www.silverstripe.org/learn/lessons\">SilverStripe lessons</a>.</p>', NULL, NULL, 1, 1, 1, 0, 0, NULL, 0);
INSERT INTO `SiteTree_Versions` VALUES (24, 1, 16, 1, 0, 1, 1, 1, 'Main\\HomePage', '2019-01-05 00:11:08', '2019-01-04 22:31:30', 'Inherit', 'Inherit', 'home', 'Home', NULL, '<p>Welcome to SilverStripe! This is the default homepage. You can edit this page by opening <a href=\"admin/\">the CMS</a>.</p><p>You can now access the <a href=\"http://docs.silverstripe.org\">developer documentation</a>, or begin the <a href=\"http://www.silverstripe.org/learn/lessons\">SilverStripe lessons</a>.</p>', NULL, NULL, 1, 1, 1, 0, 0, NULL, 0);
INSERT INTO `SiteTree_Versions` VALUES (25, 1, 17, 0, 0, 1, 1, 0, 'Main\\HomePage', '2019-01-05 00:14:44', '2019-01-04 22:31:30', 'Inherit', 'Inherit', 'home', 'Home', NULL, '<p>Welcome to SilverStripe! This is the default homepage. You can edit this page by opening <a href=\"admin/\">the CMS</a>.</p><p>You can now access the <a href=\"http://docs.silverstripe.org\">developer documentation</a>, or begin the <a href=\"http://www.silverstripe.org/learn/lessons\">SilverStripe lessons</a>.</p>', NULL, NULL, 1, 1, 1, 0, 0, NULL, 0);
INSERT INTO `SiteTree_Versions` VALUES (26, 1, 18, 1, 0, 1, 1, 1, 'Main\\HomePage', '2019-01-05 00:14:44', '2019-01-04 22:31:30', 'Inherit', 'Inherit', 'home', 'Home', NULL, '<p>Welcome to SilverStripe! This is the default homepage. You can edit this page by opening <a href=\"admin/\">the CMS</a>.</p><p>You can now access the <a href=\"http://docs.silverstripe.org\">developer documentation</a>, or begin the <a href=\"http://www.silverstripe.org/learn/lessons\">SilverStripe lessons</a>.</p>', NULL, NULL, 1, 1, 1, 0, 0, NULL, 0);
INSERT INTO `SiteTree_Versions` VALUES (27, 1, 19, 0, 0, 1, 1, 0, 'Main\\HomePage', '2019-01-05 00:15:57', '2019-01-04 22:31:30', 'Inherit', 'Inherit', 'home', 'Home', NULL, '<p>Welcome to SilverStripe! This is the default homepage. You can edit this page by opening <a href=\"admin/\">the CMS</a>.</p><p>You can now access the <a href=\"http://docs.silverstripe.org\">developer documentation</a>, or begin the <a href=\"http://www.silverstripe.org/learn/lessons\">SilverStripe lessons</a>.</p>', NULL, NULL, 1, 1, 1, 0, 0, NULL, 0);
INSERT INTO `SiteTree_Versions` VALUES (28, 1, 20, 1, 0, 1, 1, 1, 'Main\\HomePage', '2019-01-05 00:15:57', '2019-01-04 22:31:30', 'Inherit', 'Inherit', 'home', 'Home', NULL, '<p>Welcome to SilverStripe! This is the default homepage. You can edit this page by opening <a href=\"admin/\">the CMS</a>.</p><p>You can now access the <a href=\"http://docs.silverstripe.org\">developer documentation</a>, or begin the <a href=\"http://www.silverstripe.org/learn/lessons\">SilverStripe lessons</a>.</p>', NULL, NULL, 1, 1, 1, 0, 0, NULL, 0);
INSERT INTO `SiteTree_Versions` VALUES (29, 1, 21, 0, 0, 1, 1, 0, 'Main\\HomePage', '2019-01-05 00:17:30', '2019-01-04 22:31:30', 'Inherit', 'Inherit', 'home', 'Home', NULL, '<p>Welcome to SilverStripe! This is the default homepage. You can edit this page by opening <a href=\"admin/\">the CMS</a>.</p><p>You can now access the <a href=\"http://docs.silverstripe.org\">developer documentation</a>, or begin the <a href=\"http://www.silverstripe.org/learn/lessons\">SilverStripe lessons</a>.</p>', NULL, NULL, 1, 1, 1, 0, 0, NULL, 0);
INSERT INTO `SiteTree_Versions` VALUES (30, 1, 22, 1, 0, 1, 1, 1, 'Main\\HomePage', '2019-01-05 00:17:31', '2019-01-04 22:31:30', 'Inherit', 'Inherit', 'home', 'Home', NULL, '<p>Welcome to SilverStripe! This is the default homepage. You can edit this page by opening <a href=\"admin/\">the CMS</a>.</p><p>You can now access the <a href=\"http://docs.silverstripe.org\">developer documentation</a>, or begin the <a href=\"http://www.silverstripe.org/learn/lessons\">SilverStripe lessons</a>.</p>', NULL, NULL, 1, 1, 1, 0, 0, NULL, 0);
INSERT INTO `SiteTree_Versions` VALUES (31, 1, 23, 0, 0, 1, 1, 0, 'Main\\HomePage', '2019-01-05 00:19:16', '2019-01-04 22:31:30', 'Inherit', 'Inherit', 'home', 'Home', NULL, '<p>Welcome to SilverStripe! This is the default homepage. You can edit this page by opening <a href=\"admin/\">the CMS</a>.</p><p>You can now access the <a href=\"http://docs.silverstripe.org\">developer documentation</a>, or begin the <a href=\"http://www.silverstripe.org/learn/lessons\">SilverStripe lessons</a>.</p>', NULL, NULL, 1, 1, 1, 0, 0, NULL, 0);
INSERT INTO `SiteTree_Versions` VALUES (32, 1, 24, 1, 0, 1, 1, 1, 'Main\\HomePage', '2019-01-05 00:19:17', '2019-01-04 22:31:30', 'Inherit', 'Inherit', 'home', 'Home', NULL, '<p>Welcome to SilverStripe! This is the default homepage. You can edit this page by opening <a href=\"admin/\">the CMS</a>.</p><p>You can now access the <a href=\"http://docs.silverstripe.org\">developer documentation</a>, or begin the <a href=\"http://www.silverstripe.org/learn/lessons\">SilverStripe lessons</a>.</p>', NULL, NULL, 1, 1, 1, 0, 0, NULL, 0);
INSERT INTO `SiteTree_Versions` VALUES (33, 1, 25, 0, 0, 1, 1, 0, 'Main\\HomePage', '2019-01-05 00:21:30', '2019-01-04 22:31:30', 'Inherit', 'Inherit', 'home', 'Home', NULL, '<p>Welcome to SilverStripe! This is the default homepage. You can edit this page by opening <a href=\"admin/\">the CMS</a>.</p><p>You can now access the <a href=\"http://docs.silverstripe.org\">developer documentation</a>, or begin the <a href=\"http://www.silverstripe.org/learn/lessons\">SilverStripe lessons</a>.</p>', NULL, NULL, 1, 1, 1, 0, 0, NULL, 0);
INSERT INTO `SiteTree_Versions` VALUES (34, 1, 26, 1, 0, 1, 1, 1, 'Main\\HomePage', '2019-01-05 00:21:30', '2019-01-04 22:31:30', 'Inherit', 'Inherit', 'home', 'Home', NULL, '<p>Welcome to SilverStripe! This is the default homepage. You can edit this page by opening <a href=\"admin/\">the CMS</a>.</p><p>You can now access the <a href=\"http://docs.silverstripe.org\">developer documentation</a>, or begin the <a href=\"http://www.silverstripe.org/learn/lessons\">SilverStripe lessons</a>.</p>', NULL, NULL, 1, 1, 1, 0, 0, NULL, 0);
INSERT INTO `SiteTree_Versions` VALUES (35, 1, 27, 0, 0, 1, 1, 0, 'Main\\HomePage', '2019-01-05 00:21:39', '2019-01-04 22:31:30', 'Inherit', 'Inherit', 'home', 'Home', NULL, '<p>Welcome to SilverStripe! This is the default homepage. You can edit this page by opening <a href=\"admin/\">the CMS</a>.</p><p>You can now access the <a href=\"http://docs.silverstripe.org\">developer documentation</a>, or begin the <a href=\"http://www.silverstripe.org/learn/lessons\">SilverStripe lessons</a>.</p>', NULL, NULL, 1, 1, 1, 0, 0, NULL, 0);
INSERT INTO `SiteTree_Versions` VALUES (36, 1, 28, 1, 0, 1, 1, 1, 'Main\\HomePage', '2019-01-05 00:21:39', '2019-01-04 22:31:30', 'Inherit', 'Inherit', 'home', 'Home', NULL, '<p>Welcome to SilverStripe! This is the default homepage. You can edit this page by opening <a href=\"admin/\">the CMS</a>.</p><p>You can now access the <a href=\"http://docs.silverstripe.org\">developer documentation</a>, or begin the <a href=\"http://www.silverstripe.org/learn/lessons\">SilverStripe lessons</a>.</p>', NULL, NULL, 1, 1, 1, 0, 0, NULL, 0);
INSERT INTO `SiteTree_Versions` VALUES (37, 1, 29, 0, 0, 1, 1, 0, 'Main\\HomePage', '2019-01-05 02:17:12', '2019-01-04 22:31:30', 'Inherit', 'Inherit', 'home', 'Home', NULL, '<p>Welcome to SilverStripe! This is the default homepage. You can edit this page by opening <a href=\"admin/\">the CMS</a>.</p><p>You can now access the <a href=\"http://docs.silverstripe.org\">developer documentation</a>, or begin the <a href=\"http://www.silverstripe.org/learn/lessons\">SilverStripe lessons</a>.</p>', NULL, NULL, 1, 1, 1, 0, 0, NULL, 0);
INSERT INTO `SiteTree_Versions` VALUES (38, 1, 30, 1, 0, 1, 1, 1, 'Main\\HomePage', '2019-01-05 02:17:12', '2019-01-04 22:31:30', 'Inherit', 'Inherit', 'home', 'Home', NULL, '<p>Welcome to SilverStripe! This is the default homepage. You can edit this page by opening <a href=\"admin/\">the CMS</a>.</p><p>You can now access the <a href=\"http://docs.silverstripe.org\">developer documentation</a>, or begin the <a href=\"http://www.silverstripe.org/learn/lessons\">SilverStripe lessons</a>.</p>', NULL, NULL, 1, 1, 1, 0, 0, NULL, 0);
INSERT INTO `SiteTree_Versions` VALUES (39, 1, 31, 0, 0, 1, 1, 0, 'Main\\HomePage', '2019-01-05 02:17:37', '2019-01-04 22:31:30', 'Inherit', 'Inherit', 'home', 'Home', NULL, '<p>Welcome to SilverStripe! This is the default homepage. You can edit this page by opening <a href=\"admin/\">the CMS</a>.</p><p>You can now access the <a href=\"http://docs.silverstripe.org\">developer documentation</a>, or begin the <a href=\"http://www.silverstripe.org/learn/lessons\">SilverStripe lessons</a>.</p>', NULL, NULL, 1, 1, 1, 0, 0, NULL, 0);
INSERT INTO `SiteTree_Versions` VALUES (40, 1, 32, 1, 0, 1, 1, 1, 'Main\\HomePage', '2019-01-05 02:17:37', '2019-01-04 22:31:30', 'Inherit', 'Inherit', 'home', 'Home', NULL, '<p>Welcome to SilverStripe! This is the default homepage. You can edit this page by opening <a href=\"admin/\">the CMS</a>.</p><p>You can now access the <a href=\"http://docs.silverstripe.org\">developer documentation</a>, or begin the <a href=\"http://www.silverstripe.org/learn/lessons\">SilverStripe lessons</a>.</p>', NULL, NULL, 1, 1, 1, 0, 0, NULL, 0);
INSERT INTO `SiteTree_Versions` VALUES (41, 1, 33, 0, 0, 1, 1, 0, 'Main\\HomePage', '2019-01-05 02:21:54', '2019-01-04 22:31:30', 'Inherit', 'Inherit', 'home', 'Home', NULL, '<p>Welcome to SilverStripe! This is the default homepage. You can edit this page by opening <a href=\"admin/\">the CMS</a>.</p><p>You can now access the <a href=\"http://docs.silverstripe.org\">developer documentation</a>, or begin the <a href=\"http://www.silverstripe.org/learn/lessons\">SilverStripe lessons</a>.</p>', NULL, NULL, 1, 1, 1, 0, 0, NULL, 0);
INSERT INTO `SiteTree_Versions` VALUES (42, 1, 34, 1, 0, 1, 1, 1, 'Main\\HomePage', '2019-01-05 02:21:55', '2019-01-04 22:31:30', 'Inherit', 'Inherit', 'home', 'Home', NULL, '<p>Welcome to SilverStripe! This is the default homepage. You can edit this page by opening <a href=\"admin/\">the CMS</a>.</p><p>You can now access the <a href=\"http://docs.silverstripe.org\">developer documentation</a>, or begin the <a href=\"http://www.silverstripe.org/learn/lessons\">SilverStripe lessons</a>.</p>', NULL, NULL, 1, 1, 1, 0, 0, NULL, 0);
INSERT INTO `SiteTree_Versions` VALUES (43, 1, 35, 0, 0, 1, 1, 0, 'Main\\HomePage', '2019-01-05 02:22:02', '2019-01-04 22:31:30', 'Inherit', 'Inherit', 'home', 'Home', NULL, '<p>Welcome to SilverStripe! This is the default homepage. You can edit this page by opening <a href=\"admin/\">the CMS</a>.</p><p>You can now access the <a href=\"http://docs.silverstripe.org\">developer documentation</a>, or begin the <a href=\"http://www.silverstripe.org/learn/lessons\">SilverStripe lessons</a>.</p>', NULL, NULL, 1, 1, 1, 0, 0, NULL, 0);
INSERT INTO `SiteTree_Versions` VALUES (44, 1, 36, 1, 0, 1, 1, 1, 'Main\\HomePage', '2019-01-05 02:22:02', '2019-01-04 22:31:30', 'Inherit', 'Inherit', 'home', 'Home', NULL, '<p>Welcome to SilverStripe! This is the default homepage. You can edit this page by opening <a href=\"admin/\">the CMS</a>.</p><p>You can now access the <a href=\"http://docs.silverstripe.org\">developer documentation</a>, or begin the <a href=\"http://www.silverstripe.org/learn/lessons\">SilverStripe lessons</a>.</p>', NULL, NULL, 1, 1, 1, 0, 0, NULL, 0);
INSERT INTO `SiteTree_Versions` VALUES (45, 1, 37, 0, 0, 1, 1, 0, 'Main\\HomePage', '2019-01-05 02:22:27', '2019-01-04 22:31:30', 'Inherit', 'Inherit', 'home', 'Home', NULL, '<p>Welcome to SilverStripe! This is the default homepage. You can edit this page by opening <a href=\"admin/\">the CMS</a>.</p><p>You can now access the <a href=\"http://docs.silverstripe.org\">developer documentation</a>, or begin the <a href=\"http://www.silverstripe.org/learn/lessons\">SilverStripe lessons</a>.</p>', NULL, NULL, 1, 1, 1, 0, 0, NULL, 0);
INSERT INTO `SiteTree_Versions` VALUES (46, 1, 38, 1, 0, 1, 1, 1, 'Main\\HomePage', '2019-01-05 02:22:27', '2019-01-04 22:31:30', 'Inherit', 'Inherit', 'home', 'Home', NULL, '<p>Welcome to SilverStripe! This is the default homepage. You can edit this page by opening <a href=\"admin/\">the CMS</a>.</p><p>You can now access the <a href=\"http://docs.silverstripe.org\">developer documentation</a>, or begin the <a href=\"http://www.silverstripe.org/learn/lessons\">SilverStripe lessons</a>.</p>', NULL, NULL, 1, 1, 1, 0, 0, NULL, 0);
INSERT INTO `SiteTree_Versions` VALUES (47, 1, 39, 0, 0, 1, 1, 0, 'Main\\HomePage', '2019-01-05 02:22:33', '2019-01-04 22:31:30', 'Inherit', 'Inherit', 'home', 'Home', NULL, '<p>Welcome to SilverStripe! This is the default homepage. You can edit this page by opening <a href=\"admin/\">the CMS</a>.</p><p>You can now access the <a href=\"http://docs.silverstripe.org\">developer documentation</a>, or begin the <a href=\"http://www.silverstripe.org/learn/lessons\">SilverStripe lessons</a>.</p>', NULL, NULL, 1, 1, 1, 0, 0, NULL, 0);
INSERT INTO `SiteTree_Versions` VALUES (48, 1, 40, 1, 0, 1, 1, 1, 'Main\\HomePage', '2019-01-05 02:22:34', '2019-01-04 22:31:30', 'Inherit', 'Inherit', 'home', 'Home', NULL, '<p>Welcome to SilverStripe! This is the default homepage. You can edit this page by opening <a href=\"admin/\">the CMS</a>.</p><p>You can now access the <a href=\"http://docs.silverstripe.org\">developer documentation</a>, or begin the <a href=\"http://www.silverstripe.org/learn/lessons\">SilverStripe lessons</a>.</p>', NULL, NULL, 1, 1, 1, 0, 0, NULL, 0);
INSERT INTO `SiteTree_Versions` VALUES (49, 1, 41, 0, 0, 1, 1, 0, 'Main\\HomePage', '2019-01-05 02:23:14', '2019-01-04 22:31:30', 'Inherit', 'Inherit', 'home', 'Home', NULL, '<p>Welcome to SilverStripe! This is the default homepage. You can edit this page by opening <a href=\"admin/\">the CMS</a>.</p><p>You can now access the <a href=\"http://docs.silverstripe.org\">developer documentation</a>, or begin the <a href=\"http://www.silverstripe.org/learn/lessons\">SilverStripe lessons</a>.</p>', NULL, NULL, 1, 1, 1, 0, 0, NULL, 0);
INSERT INTO `SiteTree_Versions` VALUES (50, 1, 42, 1, 0, 1, 1, 1, 'Main\\HomePage', '2019-01-05 02:23:14', '2019-01-04 22:31:30', 'Inherit', 'Inherit', 'home', 'Home', NULL, '<p>Welcome to SilverStripe! This is the default homepage. You can edit this page by opening <a href=\"admin/\">the CMS</a>.</p><p>You can now access the <a href=\"http://docs.silverstripe.org\">developer documentation</a>, or begin the <a href=\"http://www.silverstripe.org/learn/lessons\">SilverStripe lessons</a>.</p>', NULL, NULL, 1, 1, 1, 0, 0, NULL, 0);
INSERT INTO `SiteTree_Versions` VALUES (51, 1, 43, 0, 0, 1, 1, 0, 'Main\\HomePage', '2019-01-05 02:23:23', '2019-01-04 22:31:30', 'Inherit', 'Inherit', 'home', 'Home', NULL, '<p>Welcome to SilverStripe! This is the default homepage. You can edit this page by opening <a href=\"admin/\">the CMS</a>.</p><p>You can now access the <a href=\"http://docs.silverstripe.org\">developer documentation</a>, or begin the <a href=\"http://www.silverstripe.org/learn/lessons\">SilverStripe lessons</a>.</p>', NULL, NULL, 1, 1, 1, 0, 0, NULL, 0);
INSERT INTO `SiteTree_Versions` VALUES (52, 1, 44, 1, 0, 1, 1, 1, 'Main\\HomePage', '2019-01-05 02:23:23', '2019-01-04 22:31:30', 'Inherit', 'Inherit', 'home', 'Home', NULL, '<p>Welcome to SilverStripe! This is the default homepage. You can edit this page by opening <a href=\"admin/\">the CMS</a>.</p><p>You can now access the <a href=\"http://docs.silverstripe.org\">developer documentation</a>, or begin the <a href=\"http://www.silverstripe.org/learn/lessons\">SilverStripe lessons</a>.</p>', NULL, NULL, 1, 1, 1, 0, 0, NULL, 0);
INSERT INTO `SiteTree_Versions` VALUES (53, 1, 45, 0, 0, 1, 1, 0, 'Main\\HomePage', '2019-01-05 02:26:35', '2019-01-04 22:31:30', 'Inherit', 'Inherit', 'home', 'Home', NULL, '<p>Welcome to SilverStripe! This is the default homepage. You can edit this page by opening <a href=\"admin/\">the CMS</a>.</p><p>You can now access the <a href=\"http://docs.silverstripe.org\">developer documentation</a>, or begin the <a href=\"http://www.silverstripe.org/learn/lessons\">SilverStripe lessons</a>.</p>', NULL, NULL, 1, 1, 1, 0, 0, NULL, 0);
INSERT INTO `SiteTree_Versions` VALUES (54, 1, 46, 1, 0, 1, 1, 1, 'Main\\HomePage', '2019-01-05 02:26:35', '2019-01-04 22:31:30', 'Inherit', 'Inherit', 'home', 'Home', NULL, '<p>Welcome to SilverStripe! This is the default homepage. You can edit this page by opening <a href=\"admin/\">the CMS</a>.</p><p>You can now access the <a href=\"http://docs.silverstripe.org\">developer documentation</a>, or begin the <a href=\"http://www.silverstripe.org/learn/lessons\">SilverStripe lessons</a>.</p>', NULL, NULL, 1, 1, 1, 0, 0, NULL, 0);
INSERT INTO `SiteTree_Versions` VALUES (55, 1, 47, 0, 0, 1, 1, 0, 'Main\\HomePage', '2019-01-05 02:45:54', '2019-01-04 22:31:30', 'Inherit', 'Inherit', 'home', 'Home', NULL, '<p>Welcome to SilverStripe! This is the default homepage. You can edit this page by opening <a href=\"admin/\">the CMS</a>.</p><p>You can now access the <a href=\"http://docs.silverstripe.org\">developer documentation</a>, or begin the <a href=\"http://www.silverstripe.org/learn/lessons\">SilverStripe lessons</a>.</p>', NULL, NULL, 1, 1, 1, 0, 0, NULL, 0);
INSERT INTO `SiteTree_Versions` VALUES (56, 1, 48, 1, 0, 1, 1, 1, 'Main\\HomePage', '2019-01-05 02:45:54', '2019-01-04 22:31:30', 'Inherit', 'Inherit', 'home', 'Home', NULL, '<p>Welcome to SilverStripe! This is the default homepage. You can edit this page by opening <a href=\"admin/\">the CMS</a>.</p><p>You can now access the <a href=\"http://docs.silverstripe.org\">developer documentation</a>, or begin the <a href=\"http://www.silverstripe.org/learn/lessons\">SilverStripe lessons</a>.</p>', NULL, NULL, 1, 1, 1, 0, 0, NULL, 0);
INSERT INTO `SiteTree_Versions` VALUES (57, 1, 49, 0, 0, 1, 1, 0, 'Main\\HomePage', '2019-01-05 03:03:37', '2019-01-04 22:31:30', 'Inherit', 'Inherit', 'home', 'Home', NULL, '<p>Welcome to SilverStripe! This is the default homepage. You can edit this page by opening <a href=\"admin/\">the CMS</a>.</p><p>You can now access the <a href=\"http://docs.silverstripe.org\">developer documentation</a>, or begin the <a href=\"http://www.silverstripe.org/learn/lessons\">SilverStripe lessons</a>.</p>', NULL, NULL, 1, 1, 1, 0, 0, NULL, 0);
INSERT INTO `SiteTree_Versions` VALUES (58, 1, 50, 1, 0, 1, 1, 1, 'Main\\HomePage', '2019-01-05 03:03:37', '2019-01-04 22:31:30', 'Inherit', 'Inherit', 'home', 'Home', NULL, '<p>Welcome to SilverStripe! This is the default homepage. You can edit this page by opening <a href=\"admin/\">the CMS</a>.</p><p>You can now access the <a href=\"http://docs.silverstripe.org\">developer documentation</a>, or begin the <a href=\"http://www.silverstripe.org/learn/lessons\">SilverStripe lessons</a>.</p>', NULL, NULL, 1, 1, 1, 0, 0, NULL, 0);
INSERT INTO `SiteTree_Versions` VALUES (59, 1, 51, 0, 0, 1, 1, 0, 'Main\\HomePage', '2019-01-05 03:03:46', '2019-01-04 22:31:30', 'Inherit', 'Inherit', 'home', 'Home', NULL, '<p>Welcome to SilverStripe! This is the default homepage. You can edit this page by opening <a href=\"admin/\">the CMS</a>.</p><p>You can now access the <a href=\"http://docs.silverstripe.org\">developer documentation</a>, or begin the <a href=\"http://www.silverstripe.org/learn/lessons\">SilverStripe lessons</a>.</p>', NULL, NULL, 1, 1, 1, 0, 0, NULL, 0);
INSERT INTO `SiteTree_Versions` VALUES (60, 1, 52, 1, 0, 1, 1, 1, 'Main\\HomePage', '2019-01-05 03:03:46', '2019-01-04 22:31:30', 'Inherit', 'Inherit', 'home', 'Home', NULL, '<p>Welcome to SilverStripe! This is the default homepage. You can edit this page by opening <a href=\"admin/\">the CMS</a>.</p><p>You can now access the <a href=\"http://docs.silverstripe.org\">developer documentation</a>, or begin the <a href=\"http://www.silverstripe.org/learn/lessons\">SilverStripe lessons</a>.</p>', NULL, NULL, 1, 1, 1, 0, 0, NULL, 0);
INSERT INTO `SiteTree_Versions` VALUES (61, 1, 53, 0, 0, 1, 1, 0, 'Main\\HomePage', '2019-01-05 03:30:45', '2019-01-04 22:31:30', 'Inherit', 'Inherit', 'home', 'Home', NULL, '<p>Welcome to SilverStripe! This is the default homepage. You can edit this page by opening <a href=\"admin/\">the CMS</a>.</p><p>You can now access the <a href=\"http://docs.silverstripe.org\">developer documentation</a>, or begin the <a href=\"http://www.silverstripe.org/learn/lessons\">SilverStripe lessons</a>.</p>', NULL, NULL, 1, 1, 1, 0, 0, NULL, 0);
INSERT INTO `SiteTree_Versions` VALUES (62, 1, 54, 1, 0, 1, 1, 1, 'Main\\HomePage', '2019-01-05 03:30:45', '2019-01-04 22:31:30', 'Inherit', 'Inherit', 'home', 'Home', NULL, '<p>Welcome to SilverStripe! This is the default homepage. You can edit this page by opening <a href=\"admin/\">the CMS</a>.</p><p>You can now access the <a href=\"http://docs.silverstripe.org\">developer documentation</a>, or begin the <a href=\"http://www.silverstripe.org/learn/lessons\">SilverStripe lessons</a>.</p>', NULL, NULL, 1, 1, 1, 0, 0, NULL, 0);
INSERT INTO `SiteTree_Versions` VALUES (63, 1, 55, 0, 0, 1, 1, 0, 'Main\\HomePage', '2019-01-05 03:31:04', '2019-01-04 22:31:30', 'Inherit', 'Inherit', 'home', 'Home', NULL, '<p>Welcome to SilverStripe! This is the default homepage. You can edit this page by opening <a href=\"admin/\">the CMS</a>.</p><p>You can now access the <a href=\"http://docs.silverstripe.org\">developer documentation</a>, or begin the <a href=\"http://www.silverstripe.org/learn/lessons\">SilverStripe lessons</a>.</p>', NULL, NULL, 1, 1, 1, 0, 0, NULL, 0);
INSERT INTO `SiteTree_Versions` VALUES (64, 1, 56, 1, 0, 1, 1, 1, 'Main\\HomePage', '2019-01-05 03:31:04', '2019-01-04 22:31:30', 'Inherit', 'Inherit', 'home', 'Home', NULL, '<p>Welcome to SilverStripe! This is the default homepage. You can edit this page by opening <a href=\"admin/\">the CMS</a>.</p><p>You can now access the <a href=\"http://docs.silverstripe.org\">developer documentation</a>, or begin the <a href=\"http://www.silverstripe.org/learn/lessons\">SilverStripe lessons</a>.</p>', NULL, NULL, 1, 1, 1, 0, 0, NULL, 0);
INSERT INTO `SiteTree_Versions` VALUES (65, 1, 57, 0, 0, 1, 1, 0, 'Main\\HomePage', '2019-01-05 03:39:13', '2019-01-04 22:31:30', 'Inherit', 'Inherit', 'home', 'Home', NULL, '<p>Welcome to SilverStripe! This is the default homepage. You can edit this page by opening <a href=\"admin/\">the CMS</a>.</p><p>You can now access the <a href=\"http://docs.silverstripe.org\">developer documentation</a>, or begin the <a href=\"http://www.silverstripe.org/learn/lessons\">SilverStripe lessons</a>.</p>', NULL, NULL, 1, 1, 1, 0, 0, NULL, 0);
INSERT INTO `SiteTree_Versions` VALUES (66, 1, 58, 1, 0, 1, 1, 1, 'Main\\HomePage', '2019-01-05 03:39:13', '2019-01-04 22:31:30', 'Inherit', 'Inherit', 'home', 'Home', NULL, '<p>Welcome to SilverStripe! This is the default homepage. You can edit this page by opening <a href=\"admin/\">the CMS</a>.</p><p>You can now access the <a href=\"http://docs.silverstripe.org\">developer documentation</a>, or begin the <a href=\"http://www.silverstripe.org/learn/lessons\">SilverStripe lessons</a>.</p>', NULL, NULL, 1, 1, 1, 0, 0, NULL, 0);
INSERT INTO `SiteTree_Versions` VALUES (67, 1, 59, 0, 0, 1, 1, 0, 'Main\\HomePage', '2019-01-05 03:39:21', '2019-01-04 22:31:30', 'Inherit', 'Inherit', 'home', 'Home', NULL, '<p>Welcome to SilverStripe! This is the default homepage. You can edit this page by opening <a href=\"admin/\">the CMS</a>.</p><p>You can now access the <a href=\"http://docs.silverstripe.org\">developer documentation</a>, or begin the <a href=\"http://www.silverstripe.org/learn/lessons\">SilverStripe lessons</a>.</p>', NULL, NULL, 1, 1, 1, 0, 0, NULL, 0);
INSERT INTO `SiteTree_Versions` VALUES (68, 1, 60, 1, 0, 1, 1, 1, 'Main\\HomePage', '2019-01-05 03:39:22', '2019-01-04 22:31:30', 'Inherit', 'Inherit', 'home', 'Home', NULL, '<p>Welcome to SilverStripe! This is the default homepage. You can edit this page by opening <a href=\"admin/\">the CMS</a>.</p><p>You can now access the <a href=\"http://docs.silverstripe.org\">developer documentation</a>, or begin the <a href=\"http://www.silverstripe.org/learn/lessons\">SilverStripe lessons</a>.</p>', NULL, NULL, 1, 1, 1, 0, 0, NULL, 0);
INSERT INTO `SiteTree_Versions` VALUES (69, 1, 61, 0, 0, 1, 1, 0, 'Main\\HomePage', '2019-01-05 03:50:04', '2019-01-04 22:31:30', 'Inherit', 'Inherit', 'home', 'Home', NULL, '<p>Welcome to SilverStripe! This is the default homepage. You can edit this page by opening <a href=\"admin/\">the CMS</a>.</p><p>You can now access the <a href=\"http://docs.silverstripe.org\">developer documentation</a>, or begin the <a href=\"http://www.silverstripe.org/learn/lessons\">SilverStripe lessons</a>.</p>', NULL, NULL, 1, 1, 1, 0, 0, NULL, 0);
INSERT INTO `SiteTree_Versions` VALUES (70, 1, 62, 1, 0, 1, 1, 1, 'Main\\HomePage', '2019-01-05 03:50:04', '2019-01-04 22:31:30', 'Inherit', 'Inherit', 'home', 'Home', NULL, '<p>Welcome to SilverStripe! This is the default homepage. You can edit this page by opening <a href=\"admin/\">the CMS</a>.</p><p>You can now access the <a href=\"http://docs.silverstripe.org\">developer documentation</a>, or begin the <a href=\"http://www.silverstripe.org/learn/lessons\">SilverStripe lessons</a>.</p>', NULL, NULL, 1, 1, 1, 0, 0, NULL, 0);
INSERT INTO `SiteTree_Versions` VALUES (71, 1, 63, 0, 0, 1, 1, 0, 'Main\\HomePage', '2019-01-05 03:50:16', '2019-01-04 22:31:30', 'Inherit', 'Inherit', 'home', 'Home', NULL, '<p>Welcome to SilverStripe! This is the default homepage. You can edit this page by opening <a href=\"admin/\">the CMS</a>.</p><p>You can now access the <a href=\"http://docs.silverstripe.org\">developer documentation</a>, or begin the <a href=\"http://www.silverstripe.org/learn/lessons\">SilverStripe lessons</a>.</p>', NULL, NULL, 1, 1, 1, 0, 0, NULL, 0);
INSERT INTO `SiteTree_Versions` VALUES (72, 1, 64, 1, 0, 1, 1, 1, 'Main\\HomePage', '2019-01-05 03:50:16', '2019-01-04 22:31:30', 'Inherit', 'Inherit', 'home', 'Home', NULL, '<p>Welcome to SilverStripe! This is the default homepage. You can edit this page by opening <a href=\"admin/\">the CMS</a>.</p><p>You can now access the <a href=\"http://docs.silverstripe.org\">developer documentation</a>, or begin the <a href=\"http://www.silverstripe.org/learn/lessons\">SilverStripe lessons</a>.</p>', NULL, NULL, 1, 1, 1, 0, 0, NULL, 0);
INSERT INTO `SiteTree_Versions` VALUES (73, 1, 65, 0, 0, 1, 1, 0, 'Main\\HomePage', '2019-01-05 04:59:25', '2019-01-04 22:31:30', 'Inherit', 'Inherit', 'home', 'Home', NULL, '<p>Welcome to SilverStripe! This is the default homepage. You can edit this page by opening <a href=\"admin/\">the CMS</a>.</p><p>You can now access the <a href=\"http://docs.silverstripe.org\">developer documentation</a>, or begin the <a href=\"http://www.silverstripe.org/learn/lessons\">SilverStripe lessons</a>.</p>', NULL, NULL, 1, 1, 1, 0, 0, NULL, 0);
INSERT INTO `SiteTree_Versions` VALUES (74, 1, 66, 1, 0, 1, 1, 1, 'Main\\HomePage', '2019-01-05 04:59:25', '2019-01-04 22:31:30', 'Inherit', 'Inherit', 'home', 'Home', NULL, '<p>Welcome to SilverStripe! This is the default homepage. You can edit this page by opening <a href=\"admin/\">the CMS</a>.</p><p>You can now access the <a href=\"http://docs.silverstripe.org\">developer documentation</a>, or begin the <a href=\"http://www.silverstripe.org/learn/lessons\">SilverStripe lessons</a>.</p>', NULL, NULL, 1, 1, 1, 0, 0, NULL, 0);
INSERT INTO `SiteTree_Versions` VALUES (75, 1, 67, 0, 0, 1, 1, 0, 'Main\\HomePage', '2019-01-05 04:59:35', '2019-01-04 22:31:30', 'Inherit', 'Inherit', 'home', 'Home', NULL, '<p>Welcome to SilverStripe! This is the default homepage. You can edit this page by opening <a href=\"admin/\">the CMS</a>.</p><p>You can now access the <a href=\"http://docs.silverstripe.org\">developer documentation</a>, or begin the <a href=\"http://www.silverstripe.org/learn/lessons\">SilverStripe lessons</a>.</p>', NULL, NULL, 1, 1, 1, 0, 0, NULL, 0);
INSERT INTO `SiteTree_Versions` VALUES (76, 1, 68, 1, 0, 1, 1, 1, 'Main\\HomePage', '2019-01-05 04:59:36', '2019-01-04 22:31:30', 'Inherit', 'Inherit', 'home', 'Home', NULL, '<p>Welcome to SilverStripe! This is the default homepage. You can edit this page by opening <a href=\"admin/\">the CMS</a>.</p><p>You can now access the <a href=\"http://docs.silverstripe.org\">developer documentation</a>, or begin the <a href=\"http://www.silverstripe.org/learn/lessons\">SilverStripe lessons</a>.</p>', NULL, NULL, 1, 1, 1, 0, 0, NULL, 0);
INSERT INTO `SiteTree_Versions` VALUES (77, 1, 69, 0, 0, 1, 1, 0, 'Main\\HomePage', '2019-01-05 05:01:57', '2019-01-04 22:31:30', 'Inherit', 'Inherit', 'home', 'Home', NULL, '<p>Welcome to SilverStripe! This is the default homepage. You can edit this page by opening <a href=\"admin/\">the CMS</a>.</p><p>You can now access the <a href=\"http://docs.silverstripe.org\">developer documentation</a>, or begin the <a href=\"http://www.silverstripe.org/learn/lessons\">SilverStripe lessons</a>.</p>', NULL, NULL, 1, 1, 1, 0, 0, NULL, 0);
INSERT INTO `SiteTree_Versions` VALUES (78, 1, 70, 1, 0, 1, 1, 1, 'Main\\HomePage', '2019-01-05 05:01:57', '2019-01-04 22:31:30', 'Inherit', 'Inherit', 'home', 'Home', NULL, '<p>Welcome to SilverStripe! This is the default homepage. You can edit this page by opening <a href=\"admin/\">the CMS</a>.</p><p>You can now access the <a href=\"http://docs.silverstripe.org\">developer documentation</a>, or begin the <a href=\"http://www.silverstripe.org/learn/lessons\">SilverStripe lessons</a>.</p>', NULL, NULL, 1, 1, 1, 0, 0, NULL, 0);
INSERT INTO `SiteTree_Versions` VALUES (79, 1, 71, 0, 0, 1, 1, 0, 'Main\\HomePage', '2019-01-05 05:02:09', '2019-01-04 22:31:30', 'Inherit', 'Inherit', 'home', 'Home', NULL, '<p>Welcome to SilverStripe! This is the default homepage. You can edit this page by opening <a href=\"admin/\">the CMS</a>.</p><p>You can now access the <a href=\"http://docs.silverstripe.org\">developer documentation</a>, or begin the <a href=\"http://www.silverstripe.org/learn/lessons\">SilverStripe lessons</a>.</p>', NULL, NULL, 1, 1, 1, 0, 0, NULL, 0);
INSERT INTO `SiteTree_Versions` VALUES (80, 1, 72, 1, 0, 1, 1, 1, 'Main\\HomePage', '2019-01-05 05:02:09', '2019-01-04 22:31:30', 'Inherit', 'Inherit', 'home', 'Home', NULL, '<p>Welcome to SilverStripe! This is the default homepage. You can edit this page by opening <a href=\"admin/\">the CMS</a>.</p><p>You can now access the <a href=\"http://docs.silverstripe.org\">developer documentation</a>, or begin the <a href=\"http://www.silverstripe.org/learn/lessons\">SilverStripe lessons</a>.</p>', NULL, NULL, 1, 1, 1, 0, 0, NULL, 0);
INSERT INTO `SiteTree_Versions` VALUES (81, 1, 73, 0, 0, 1, 1, 0, 'Main\\HomePage', '2019-01-05 05:03:28', '2019-01-04 22:31:30', 'Inherit', 'Inherit', 'home', 'Home', NULL, '<p>Welcome to SilverStripe! This is the default homepage. You can edit this page by opening <a href=\"admin/\">the CMS</a>.</p><p>You can now access the <a href=\"http://docs.silverstripe.org\">developer documentation</a>, or begin the <a href=\"http://www.silverstripe.org/learn/lessons\">SilverStripe lessons</a>.</p>', NULL, NULL, 1, 1, 1, 0, 0, NULL, 0);
INSERT INTO `SiteTree_Versions` VALUES (82, 1, 74, 1, 0, 1, 1, 1, 'Main\\HomePage', '2019-01-05 05:03:28', '2019-01-04 22:31:30', 'Inherit', 'Inherit', 'home', 'Home', NULL, '<p>Welcome to SilverStripe! This is the default homepage. You can edit this page by opening <a href=\"admin/\">the CMS</a>.</p><p>You can now access the <a href=\"http://docs.silverstripe.org\">developer documentation</a>, or begin the <a href=\"http://www.silverstripe.org/learn/lessons\">SilverStripe lessons</a>.</p>', NULL, NULL, 1, 1, 1, 0, 0, NULL, 0);
INSERT INTO `SiteTree_Versions` VALUES (83, 1, 75, 0, 0, 1, 1, 0, 'Main\\HomePage', '2019-01-05 05:03:37', '2019-01-04 22:31:30', 'Inherit', 'Inherit', 'home', 'Home', NULL, '<p>Welcome to SilverStripe! This is the default homepage. You can edit this page by opening <a href=\"admin/\">the CMS</a>.</p><p>You can now access the <a href=\"http://docs.silverstripe.org\">developer documentation</a>, or begin the <a href=\"http://www.silverstripe.org/learn/lessons\">SilverStripe lessons</a>.</p>', NULL, NULL, 1, 1, 1, 0, 0, NULL, 0);
INSERT INTO `SiteTree_Versions` VALUES (84, 1, 76, 1, 0, 1, 1, 1, 'Main\\HomePage', '2019-01-05 05:03:37', '2019-01-04 22:31:30', 'Inherit', 'Inherit', 'home', 'Home', NULL, '<p>Welcome to SilverStripe! This is the default homepage. You can edit this page by opening <a href=\"admin/\">the CMS</a>.</p><p>You can now access the <a href=\"http://docs.silverstripe.org\">developer documentation</a>, or begin the <a href=\"http://www.silverstripe.org/learn/lessons\">SilverStripe lessons</a>.</p>', NULL, NULL, 1, 1, 1, 0, 0, NULL, 0);
INSERT INTO `SiteTree_Versions` VALUES (85, 1, 77, 0, 0, 1, 1, 0, 'Main\\HomePage', '2019-01-05 05:08:07', '2019-01-04 22:31:30', 'Inherit', 'Inherit', 'home', 'Home', NULL, '<p>Welcome to SilverStripe! This is the default homepage. You can edit this page by opening <a href=\"admin/\">the CMS</a>.</p><p>You can now access the <a href=\"http://docs.silverstripe.org\">developer documentation</a>, or begin the <a href=\"http://www.silverstripe.org/learn/lessons\">SilverStripe lessons</a>.</p>', NULL, NULL, 1, 1, 1, 0, 0, NULL, 0);
INSERT INTO `SiteTree_Versions` VALUES (86, 1, 78, 1, 0, 1, 1, 1, 'Main\\HomePage', '2019-01-05 05:08:08', '2019-01-04 22:31:30', 'Inherit', 'Inherit', 'home', 'Home', NULL, '<p>Welcome to SilverStripe! This is the default homepage. You can edit this page by opening <a href=\"admin/\">the CMS</a>.</p><p>You can now access the <a href=\"http://docs.silverstripe.org\">developer documentation</a>, or begin the <a href=\"http://www.silverstripe.org/learn/lessons\">SilverStripe lessons</a>.</p>', NULL, NULL, 1, 1, 1, 0, 0, NULL, 0);
INSERT INTO `SiteTree_Versions` VALUES (87, 1, 79, 0, 0, 1, 1, 0, 'Main\\HomePage', '2019-01-05 05:09:15', '2019-01-04 22:31:30', 'Inherit', 'Inherit', 'home', 'Home', NULL, '<p>Welcome to SilverStripe! This is the default homepage. You can edit this page by opening <a href=\"admin/\">the CMS</a>.</p><p>You can now access the <a href=\"http://docs.silverstripe.org\">developer documentation</a>, or begin the <a href=\"http://www.silverstripe.org/learn/lessons\">SilverStripe lessons</a>.</p>', NULL, NULL, 1, 1, 1, 0, 0, NULL, 0);
INSERT INTO `SiteTree_Versions` VALUES (88, 1, 80, 1, 0, 1, 1, 1, 'Main\\HomePage', '2019-01-05 05:09:15', '2019-01-04 22:31:30', 'Inherit', 'Inherit', 'home', 'Home', NULL, '<p>Welcome to SilverStripe! This is the default homepage. You can edit this page by opening <a href=\"admin/\">the CMS</a>.</p><p>You can now access the <a href=\"http://docs.silverstripe.org\">developer documentation</a>, or begin the <a href=\"http://www.silverstripe.org/learn/lessons\">SilverStripe lessons</a>.</p>', NULL, NULL, 1, 1, 1, 0, 0, NULL, 0);
INSERT INTO `SiteTree_Versions` VALUES (89, 1, 81, 0, 0, 1, 1, 0, 'Main\\HomePage', '2019-01-05 05:11:22', '2019-01-04 22:31:30', 'Inherit', 'Inherit', 'home', 'Home', NULL, '<p>Welcome to SilverStripe! This is the default homepage. You can edit this page by opening <a href=\"admin/\">the CMS</a>.</p><p>You can now access the <a href=\"http://docs.silverstripe.org\">developer documentation</a>, or begin the <a href=\"http://www.silverstripe.org/learn/lessons\">SilverStripe lessons</a>.</p>', NULL, NULL, 1, 1, 1, 0, 0, NULL, 0);
INSERT INTO `SiteTree_Versions` VALUES (90, 1, 82, 1, 0, 1, 1, 1, 'Main\\HomePage', '2019-01-05 05:11:22', '2019-01-04 22:31:30', 'Inherit', 'Inherit', 'home', 'Home', NULL, '<p>Welcome to SilverStripe! This is the default homepage. You can edit this page by opening <a href=\"admin/\">the CMS</a>.</p><p>You can now access the <a href=\"http://docs.silverstripe.org\">developer documentation</a>, or begin the <a href=\"http://www.silverstripe.org/learn/lessons\">SilverStripe lessons</a>.</p>', NULL, NULL, 1, 1, 1, 0, 0, NULL, 0);
INSERT INTO `SiteTree_Versions` VALUES (91, 1, 83, 0, 0, 1, 1, 0, 'Main\\HomePage', '2019-01-05 05:11:35', '2019-01-04 22:31:30', 'Inherit', 'Inherit', 'home', 'Home', NULL, '<p>Welcome to SilverStripe! This is the default homepage. You can edit this page by opening <a href=\"admin/\">the CMS</a>.</p><p>You can now access the <a href=\"http://docs.silverstripe.org\">developer documentation</a>, or begin the <a href=\"http://www.silverstripe.org/learn/lessons\">SilverStripe lessons</a>.</p>', NULL, NULL, 1, 1, 1, 0, 0, NULL, 0);
INSERT INTO `SiteTree_Versions` VALUES (92, 1, 84, 1, 0, 1, 1, 1, 'Main\\HomePage', '2019-01-05 05:11:35', '2019-01-04 22:31:30', 'Inherit', 'Inherit', 'home', 'Home', NULL, '<p>Welcome to SilverStripe! This is the default homepage. You can edit this page by opening <a href=\"admin/\">the CMS</a>.</p><p>You can now access the <a href=\"http://docs.silverstripe.org\">developer documentation</a>, or begin the <a href=\"http://www.silverstripe.org/learn/lessons\">SilverStripe lessons</a>.</p>', NULL, NULL, 1, 1, 1, 0, 0, NULL, 0);
INSERT INTO `SiteTree_Versions` VALUES (93, 1, 85, 0, 0, 1, 1, 0, 'Main\\HomePage', '2019-01-05 05:15:26', '2019-01-04 22:31:30', 'Inherit', 'Inherit', 'home', 'Home', NULL, NULL, NULL, NULL, 1, 1, 1, 0, 0, NULL, 0);
INSERT INTO `SiteTree_Versions` VALUES (94, 1, 86, 1, 0, 1, 1, 1, 'Main\\HomePage', '2019-01-05 05:15:26', '2019-01-04 22:31:30', 'Inherit', 'Inherit', 'home', 'Home', NULL, NULL, NULL, NULL, 1, 1, 1, 0, 0, NULL, 0);
COMMIT;

-- ----------------------------
-- Table structure for SiteTree_ViewerGroups
-- ----------------------------
DROP TABLE IF EXISTS `SiteTree_ViewerGroups`;
CREATE TABLE `SiteTree_ViewerGroups` (
  `ID` int(11) NOT NULL AUTO_INCREMENT,
  `SiteTreeID` int(11) NOT NULL DEFAULT '0',
  `GroupID` int(11) NOT NULL DEFAULT '0',
  PRIMARY KEY (`ID`),
  KEY `SiteTreeID` (`SiteTreeID`),
  KEY `GroupID` (`GroupID`)
) ENGINE=InnoDB DEFAULT CHARSET=utf8;

-- ----------------------------
-- Table structure for VirtualPage
-- ----------------------------
DROP TABLE IF EXISTS `VirtualPage`;
CREATE TABLE `VirtualPage` (
  `ID` int(11) NOT NULL AUTO_INCREMENT,
  `VersionID` int(11) NOT NULL DEFAULT '0',
  `CopyContentFromID` int(11) NOT NULL DEFAULT '0',
  PRIMARY KEY (`ID`),
  KEY `CopyContentFromID` (`CopyContentFromID`)
) ENGINE=InnoDB DEFAULT CHARSET=utf8;

-- ----------------------------
-- Table structure for VirtualPage_Live
-- ----------------------------
DROP TABLE IF EXISTS `VirtualPage_Live`;
CREATE TABLE `VirtualPage_Live` (
  `ID` int(11) NOT NULL AUTO_INCREMENT,
  `VersionID` int(11) NOT NULL DEFAULT '0',
  `CopyContentFromID` int(11) NOT NULL DEFAULT '0',
  PRIMARY KEY (`ID`),
  KEY `CopyContentFromID` (`CopyContentFromID`)
) ENGINE=InnoDB DEFAULT CHARSET=utf8;

-- ----------------------------
-- Table structure for VirtualPage_Versions
-- ----------------------------
DROP TABLE IF EXISTS `VirtualPage_Versions`;
CREATE TABLE `VirtualPage_Versions` (
  `ID` int(11) NOT NULL AUTO_INCREMENT,
  `RecordID` int(11) NOT NULL DEFAULT '0',
  `Version` int(11) NOT NULL DEFAULT '0',
  `VersionID` int(11) NOT NULL DEFAULT '0',
  `CopyContentFromID` int(11) NOT NULL DEFAULT '0',
  PRIMARY KEY (`ID`),
  UNIQUE KEY `RecordID_Version` (`RecordID`,`Version`),
  KEY `RecordID` (`RecordID`),
  KEY `Version` (`Version`),
  KEY `CopyContentFromID` (`CopyContentFromID`)
) ENGINE=InnoDB DEFAULT CHARSET=utf8;

SET FOREIGN_KEY_CHECKS = 1;
